repo,path,created,chars,duplicate_of
OpenGamifyEdu,README.md,2025-06-27,1837,
OpenGamifyEdu,ideas.txt,2025-06-27,108,
OpenGamifyEdu,main.py,2025-06-27,657,
OpenGamifyEdu,requirements.txt,2025-06-27,26,
CloudNest,README.md,2025-06-27,2929,
CloudNest,README.txt,2025-06-27,137,
CloudNest,components.md,2025-06-27,349,
CloudNest,data_logger.py,2025-06-27,423,
CloudNest,instructions.md,2025-06-27,537,
CloudNest,whitepaper.md,2025-06-27,145,
Symbiote-001,README.md,2025-06-28,1367,
Symbiote-001,symbiote001-claim-final.txt,2025-06-28,940,
EdenCore,README.md,2025-06-28,3316,
EdenCore,docs/dao-voting-process.md,2025-06-28,30,
EdenCore,docs/ethics-and-mission.md,2025-06-28,39,
EdenCore,legal/copyright-claim.txt,2025-06-28,29,
EdenCore,public_site/index.html,2025-06-28,28,
EdenCore,src/README.md,2025-06-28,23,
EdenCore,src/auto_deploy.py,2025-06-28,24,
EdenCore,src/dna_vault_linker.py,2025-06-28,22,
EdenCore,src/mycelial_mapper.py,2025-06-28,26,
Symbiote-Orchestrator-Request,README.md,2025-06-28,2464,
VascuSweep,README.md,2025-06-28,750,
VascuSweep,legal/COPYRIGHT.md,2025-06-28,42,
VascuSweep,legal/PATENTS.md,2025-06-28,66,
VascuSweep,legal/TRADEMARK.md,2025-06-28,87,
VascuSweep,src/vascusweep_controller.py,2025-06-28,43,
vascusweep-tower,DAO_Integration/governance_protocol.md,2025-06-29,56,
vascusweep-tower,DAO_Integration/mycelial_atlas_integration.txt,2025-06-29,44,
vascusweep-tower,DAO_Integration/readme.md,2025-06-29,77,
vascusweep-tower,DAO_Integration/spore_steward_pod_ops.md,2025-06-29,37,
vascusweep-tower,Documentation/master_readme.md,2025-06-29,108,
vascusweep-tower,README.md,2025-06-29,3425,
vascusweep-tower,SymFungi_Shield/readme.md,2025-06-29,90,
vascusweep-tower,SymFungi_Shield/spore_retardant_gel_formula.txt,2025-06-29,65,
vascusweep-tower,VascuSweep_Tower/materials_list.txt,2025-06-29,40,
vascusweep-tower,VascuSweep_Tower/readme.md,2025-06-29,83,
vascusweep-tower,VascuSweep_Tower/vortex_filter_core_specs.md,2025-06-29,47,
vascusweep-tower,deployment/deploy_instructions.md,2025-06-29,80,
vascusweep-tower,docs/project_overview.md,2025-06-29,87,
vascusweep-tower,legal/PATENT_CLAIM.md,2025-06-29,83,
vascusweep-tower,simulations/simulation_results.md,2025-06-29,87,
vascusweep-tower,src/symfungi_acoustic_driver.py,2025-06-29,71,
vascusweep-tower,src/vascusweep_controller.py,2025-06-29,74,
symfungi-shield,README.md,2025-06-29,1438,
symfungi-shield,SymFungi_Shield/readme.md,2025-06-29,90,vascusweep-tower/SymFungi_Shield/readme.md
symfungi-shield,SymFungi_Shield/spore_retardant_gel_formula.txt,2025-06-29,65,vascusweep-tower/SymFungi_Shield/spore_retardant_gel_formula.txt
symfungi-shield,deployment/integration_instructions.md,2025-06-29,90,
symfungi-shield,docs/project_summary.md,2025-06-29,97,
symfungi-shield,hardware/formulations/spore_gel_recipe.txt,2025-06-29,54,
symfungi-shield,legal/PATENT_CLAIM.md,2025-06-29,93,
symfungi-shield,simulations/test_log.md,2025-06-29,74,
symfungi-shield,src/acoustic_stimulator.py,2025-06-29,66,
symfungi-shield,src/hydrogel_disperser_driver.py,2025-06-29,63,
therickyfoster,README.md,2025-06-29,10421,
therickyfoster,TRUTHREPORT.md,2025-06-29,1631,
FlourishingEarthProtocol_Package,AIStreamCoach/README.md,2025-06-29,1706,
FlourishingEarthProtocol_Package,AIStreamCoach/docs/installation.md,2025-06-29,111,
FlourishingEarthProtocol_Package,AIStreamCoach/docs/overview.md,2025-06-29,59,
FlourishingEarthProtocol_Package,AIStreamCoach/docs/requirements.txt,2025-06-29,38,
FlourishingEarthProtocol_Package,AIStreamCoach/docs/usage.md,2025-06-29,67,
FlourishingEarthProtocol_Package,AIStreamCoach/src/main.py,2025-06-29,112,
FlourishingEarthProtocol_Package,AshAlertApp/README.md,2025-06-29,1700,
FlourishingEarthProtocol_Package,AshAlertApp/docs/installation.md,2025-06-29,111,FlourishingEarthProtocol_Package/AIStreamCoach/docs/installation.md
FlourishingEarthProtocol_Package,AshAlertApp/docs/overview.md,2025-06-29,57,
FlourishingEarthProtocol_Package,AshAlertApp/docs/requirements.txt,2025-06-29,38,FlourishingEarthProtocol_Package/AIStreamCoach/docs/requirements.txt
FlourishingEarthProtocol_Package,AshAlertApp/docs/usage.md,2025-06-29,67,FlourishingEarthProtocol_Package/AIStreamCoach/docs/usage.md
FlourishingEarthProtocol_Package,AshAlertApp/src/main.py,2025-06-29,112,FlourishingEarthProtocol_Package/AIStreamCoach/src/main.py
FlourishingEarthProtocol_Package,AshenBloom/README.md,2025-06-29,1697,
FlourishingEarthProtocol_Package,AshenBloom/docs/installation.md,2025-06-29,111,FlourishingEarthProtocol_Package/AIStreamCoach/docs/installation.md
FlourishingEarthProtocol_Package,AshenBloom/docs/overview.md,2025-06-29,56,
FlourishingEarthProtocol_Package,AshenBloom/docs/requirements.txt,2025-06-29,38,FlourishingEarthProtocol_Package/AIStreamCoach/docs/requirements.txt
FlourishingEarthProtocol_Package,AshenBloom/docs/usage.md,2025-06-29,67,FlourishingEarthProtocol_Package/AIStreamCoach/docs/usage.md
FlourishingEarthProtocol_Package,AshenBloom/src/main.py,2025-06-29,112,FlourishingEarthProtocol_Package/AIStreamCoach/src/main.py
FlourishingEarthProtocol_Package,AutoIPSuite/README.md,2025-06-29,1700,
FlourishingEarthProtocol_Package,AutoIPSuite/docs/installation.md,2025-06-29,111,FlourishingEarthProtocol_Package/AIStreamCoach/docs/installation.md
FlourishingEarthProtocol_Package,AutoIPSuite/docs/overview.md,2025-06-29,57,
FlourishingEarthProtocol_Package,AutoIPSuite/docs/requirements.txt,2025-06-29,38,FlourishingEarthProtocol_Package/AIStreamCoach/docs/requirements.txt
FlourishingEarthProtocol_Package,AutoIPSuite/docs/usage.md,2025-06-29,67,FlourishingEarthProtocol_Package/AIStreamCoach/docs/usage.md
FlourishingEarthProtocol_Package,AutoIPSuite/src/main.py,2025-06-29,112,FlourishingEarthProtocol_Package/AIStreamCoach/src/main.py
FlourishingEarthProtocol_Package,BiofoamFirebreaks/README.md,2025-06-29,1718,
FlourishingEarthProtocol_Package,BiofoamFirebreaks/docs/installation.md,2025-06-29,111,FlourishingEarthProtocol_Package/AIStreamCoach/docs/installation.md
FlourishingEarthProtocol_Package,BiofoamFirebreaks/docs/overview.md,2025-06-29,63,
FlourishingEarthProtocol_Package,BiofoamFirebreaks/docs/requirements.txt,2025-06-29,38,FlourishingEarthProtocol_Package/AIStreamCoach/docs/requirements.txt
FlourishingEarthProtocol_Package,BiofoamFirebreaks/docs/usage.md,2025-06-29,67,FlourishingEarthProtocol_Package/AIStreamCoach/docs/usage.md
FlourishingEarthProtocol_Package,BiofoamFirebreaks/src/main.py,2025-06-29,112,FlourishingEarthProtocol_Package/AIStreamCoach/src/main.py
FlourishingEarthProtocol_Package,BuyMeACoffeeSymbiote/README.md,2025-06-29,1727,
FlourishingEarthProtocol_Package,BuyMeACoffeeSymbiote/docs/installation.md,2025-06-29,111,FlourishingEarthProtocol_Package/AIStreamCoach/docs/installation.md
FlourishingEarthProtocol_Package,BuyMeACoffeeSymbiote/docs/overview.md,2025-06-29,66,
FlourishingEarthProtocol_Package,BuyMeACoffeeSymbiote/docs/requirements.txt,2025-06-29,38,FlourishingEarthProtocol_Package/AIStreamCoach/docs/requirements.txt
FlourishingEarthProtocol_Package,BuyMeACoffeeSymbiote/docs/usage.md,2025-06-29,67,FlourishingEarthProtocol_Package/AIStreamCoach/docs/usage.md
FlourishingEarthProtocol_Package,BuyMeACoffeeSymbiote/src/main.py,2025-06-29,112,FlourishingEarthProtocol_Package/AIStreamCoach/src/main.py
FlourishingEarthProtocol_Package,DDD/README.md,2025-06-29,1676,
FlourishingEarthProtocol_Package,DDD/docs/installation.md,2025-06-29,111,FlourishingEarthProtocol_Package/AIStreamCoach/docs/installation.md
FlourishingEarthProtocol_Package,DDD/docs/overview.md,2025-06-29,49,
FlourishingEarthProtocol_Package,DDD/docs/requirements.txt,2025-06-29,38,FlourishingEarthProtocol_Package/AIStreamCoach/docs/requirements.txt
FlourishingEarthProtocol_Package,DDD/docs/usage.md,2025-06-29,67,FlourishingEarthProtocol_Package/AIStreamCoach/docs/usage.md
FlourishingEarthProtocol_Package,DDD/src/main.py,2025-06-29,112,FlourishingEarthProtocol_Package/AIStreamCoach/src/main.py
FlourishingEarthProtocol_Package,EmotionalAlchemyGame/README.md,2025-06-29,1727,
FlourishingEarthProtocol_Package,EmotionalAlchemyGame/docs/installation.md,2025-06-29,111,FlourishingEarthProtocol_Package/AIStreamCoach/docs/installation.md
FlourishingEarthProtocol_Package,EmotionalAlchemyGame/docs/overview.md,2025-06-29,66,
FlourishingEarthProtocol_Package,EmotionalAlchemyGame/docs/requirements.txt,2025-06-29,38,FlourishingEarthProtocol_Package/AIStreamCoach/docs/requirements.txt
FlourishingEarthProtocol_Package,EmotionalAlchemyGame/docs/usage.md,2025-06-29,67,FlourishingEarthProtocol_Package/AIStreamCoach/docs/usage.md
FlourishingEarthProtocol_Package,EmotionalAlchemyGame/src/main.py,2025-06-29,112,FlourishingEarthProtocol_Package/AIStreamCoach/src/main.py
FlourishingEarthProtocol_Package,FireHalo/README.md,2025-06-29,1691,
FlourishingEarthProtocol_Package,FireHalo/docs/installation.md,2025-06-29,111,FlourishingEarthProtocol_Package/AIStreamCoach/docs/installation.md
FlourishingEarthProtocol_Package,FireHalo/docs/overview.md,2025-06-29,54,
FlourishingEarthProtocol_Package,FireHalo/docs/requirements.txt,2025-06-29,38,FlourishingEarthProtocol_Package/AIStreamCoach/docs/requirements.txt
FlourishingEarthProtocol_Package,FireHalo/docs/usage.md,2025-06-29,67,FlourishingEarthProtocol_Package/AIStreamCoach/docs/usage.md
FlourishingEarthProtocol_Package,FireHalo/src/main.py,2025-06-29,112,FlourishingEarthProtocol_Package/AIStreamCoach/src/main.py
FlourishingEarthProtocol_Package,ForgivenessIsPower/README.md,2025-06-29,1721,
FlourishingEarthProtocol_Package,ForgivenessIsPower/docs/installation.md,2025-06-29,111,FlourishingEarthProtocol_Package/AIStreamCoach/docs/installation.md
FlourishingEarthProtocol_Package,ForgivenessIsPower/docs/overview.md,2025-06-29,64,
FlourishingEarthProtocol_Package,ForgivenessIsPower/docs/requirements.txt,2025-06-29,38,FlourishingEarthProtocol_Package/AIStreamCoach/docs/requirements.txt
FlourishingEarthProtocol_Package,ForgivenessIsPower/docs/usage.md,2025-06-29,67,FlourishingEarthProtocol_Package/AIStreamCoach/docs/usage.md
FlourishingEarthProtocol_Package,ForgivenessIsPower/src/main.py,2025-06-29,112,FlourishingEarthProtocol_Package/AIStreamCoach/src/main.py
FlourishingEarthProtocol_Package,FostersForge/README.md,2025-06-29,1703,
FlourishingEarthProtocol_Package,FostersForge/docs/installation.md,2025-06-29,111,FlourishingEarthProtocol_Package/AIStreamCoach/docs/installation.md
FlourishingEarthProtocol_Package,FostersForge/docs/overview.md,2025-06-29,58,
FlourishingEarthProtocol_Package,FostersForge/docs/requirements.txt,2025-06-29,38,FlourishingEarthProtocol_Package/AIStreamCoach/docs/requirements.txt
FlourishingEarthProtocol_Package,FostersForge/docs/usage.md,2025-06-29,67,FlourishingEarthProtocol_Package/AIStreamCoach/docs/usage.md
FlourishingEarthProtocol_Package,FostersForge/src/main.py,2025-06-29,112,FlourishingEarthProtocol_Package/AIStreamCoach/src/main.py
FlourishingEarthProtocol_Package,GlobalSymbioteLedger/README.md,2025-06-29,1727,
FlourishingEarthProtocol_Package,GlobalSymbioteLedger/docs/installation.md,2025-06-29,111,FlourishingEarthProtocol_Package/AIStreamCoach/docs/installation.md
FlourishingEarthProtocol_Package,GlobalSymbioteLedger/docs/overview.md,2025-06-29,66,
FlourishingEarthProtocol_Package,GlobalSymbioteLedger/docs/requirements.txt,2025-06-29,38,FlourishingEarthProtocol_Package/AIStreamCoach/docs/requirements.txt
FlourishingEarthProtocol_Package,GlobalSymbioteLedger/docs/usage.md,2025-06-29,67,FlourishingEarthProtocol_Package/AIStreamCoach/docs/usage.md
FlourishingEarthProtocol_Package,GlobalSymbioteLedger/src/main.py,2025-06-29,112,FlourishingEarthProtocol_Package/AIStreamCoach/src/main.py
FlourishingEarthProtocol_Package,GuardianTrustModel/README.md,2025-06-29,1721,
FlourishingEarthProtocol_Package,GuardianTrustModel/docs/installation.md,2025-06-29,111,FlourishingEarthProtocol_Package/AIStreamCoach/docs/installation.md
FlourishingEarthProtocol_Package,GuardianTrustModel/docs/overview.md,2025-06-29,64,
FlourishingEarthProtocol_Package,GuardianTrustModel/docs/requirements.txt,2025-06-29,38,FlourishingEarthProtocol_Package/AIStreamCoach/docs/requirements.txt
FlourishingEarthProtocol_Package,GuardianTrustModel/docs/usage.md,2025-06-29,67,FlourishingEarthProtocol_Package/AIStreamCoach/docs/usage.md
FlourishingEarthProtocol_Package,GuardianTrustModel/src/main.py,2025-06-29,112,FlourishingEarthProtocol_Package/AIStreamCoach/src/main.py
FlourishingEarthProtocol_Package,ImpactTracker/README.md,2025-06-29,1706,
FlourishingEarthProtocol_Package,ImpactTracker/docs/installation.md,2025-06-29,111,FlourishingEarthProtocol_Package/AIStreamCoach/docs/installation.md
FlourishingEarthProtocol_Package,ImpactTracker/docs/overview.md,2025-06-29,59,
FlourishingEarthProtocol_Package,ImpactTracker/docs/requirements.txt,2025-06-29,38,FlourishingEarthProtocol_Package/AIStreamCoach/docs/requirements.txt
FlourishingEarthProtocol_Package,ImpactTracker/docs/usage.md,2025-06-29,67,FlourishingEarthProtocol_Package/AIStreamCoach/docs/usage.md
FlourishingEarthProtocol_Package,ImpactTracker/src/main.py,2025-06-29,112,FlourishingEarthProtocol_Package/AIStreamCoach/src/main.py
FlourishingEarthProtocol_Package,KindnessWinsEngine/README.md,2025-06-29,1721,
FlourishingEarthProtocol_Package,KindnessWinsEngine/docs/installation.md,2025-06-29,111,FlourishingEarthProtocol_Package/AIStreamCoach/docs/installation.md
FlourishingEarthProtocol_Package,KindnessWinsEngine/docs/overview.md,2025-06-29,64,
FlourishingEarthProtocol_Package,KindnessWinsEngine/docs/requirements.txt,2025-06-29,38,FlourishingEarthProtocol_Package/AIStreamCoach/docs/requirements.txt
FlourishingEarthProtocol_Package,KindnessWinsEngine/docs/usage.md,2025-06-29,67,FlourishingEarthProtocol_Package/AIStreamCoach/docs/usage.md
FlourishingEarthProtocol_Package,KindnessWinsEngine/src/main.py,2025-06-29,112,FlourishingEarthProtocol_Package/AIStreamCoach/src/main.py
FlourishingEarthProtocol_Package,Lightforge/README.md,2025-06-29,1697,
FlourishingEarthProtocol_Package,Lightforge/docs/installation.md,2025-06-29,111,FlourishingEarthProtocol_Package/AIStreamCoach/docs/installation.md
FlourishingEarthProtocol_Package,Lightforge/docs/overview.md,2025-06-29,56,
FlourishingEarthProtocol_Package,Lightforge/docs/requirements.txt,2025-06-29,38,FlourishingEarthProtocol_Package/AIStreamCoach/docs/requirements.txt
FlourishingEarthProtocol_Package,Lightforge/docs/usage.md,2025-06-29,67,FlourishingEarthProtocol_Package/AIStreamCoach/docs/usage.md
FlourishingEarthProtocol_Package,Lightforge/src/main.py,2025-06-29,112,FlourishingEarthProtocol_Package/AIStreamCoach/src/main.py
FlourishingEarthProtocol_Package,LoopFall/README.md,2025-06-29,1691,
FlourishingEarthProtocol_Package,LoopFall/docs/installation.md,2025-06-29,111,FlourishingEarthProtocol_Package/AIStreamCoach/docs/installation.md
FlourishingEarthProtocol_Package,LoopFall/docs/overview.md,2025-06-29,54,
FlourishingEarthProtocol_Package,LoopFall/docs/requirements.txt,2025-06-29,38,FlourishingEarthProtocol_Package/AIStreamCoach/docs/requirements.txt
FlourishingEarthProtocol_Package,LoopFall/docs/usage.md,2025-06-29,67,FlourishingEarthProtocol_Package/AIStreamCoach/docs/usage.md
FlourishingEarthProtocol_Package,LoopFall/src/main.py,2025-06-29,112,FlourishingEarthProtocol_Package/AIStreamCoach/src/main.py
FlourishingEarthProtocol_Package,MagenticOneAccess/README.md,2025-06-29,1718,
FlourishingEarthProtocol_Package,MagenticOneAccess/docs/installation.md,2025-06-29,111,FlourishingEarthProtocol_Package/AIStreamCoach/docs/installation.md
FlourishingEarthProtocol_Package,MagenticOneAccess/docs/overview.md,2025-06-29,63,
FlourishingEarthProtocol_Package,MagenticOneAccess/docs/requirements.txt,2025-06-29,38,FlourishingEarthProtocol_Package/AIStreamCoach/docs/requirements.txt
FlourishingEarthProtocol_Package,MagenticOneAccess/docs/usage.md,2025-06-29,67,FlourishingEarthProtocol_Package/AIStreamCoach/docs/usage.md
FlourishingEarthProtocol_Package,MagenticOneAccess/src/main.py,2025-06-29,112,FlourishingEarthProtocol_Package/AIStreamCoach/src/main.py
FlourishingEarthProtocol_Package,MissionFuelFunders/README.md,2025-06-29,1721,
FlourishingEarthProtocol_Package,MissionFuelFunders/docs/installation.md,2025-06-29,111,FlourishingEarthProtocol_Package/AIStreamCoach/docs/installation.md
FlourishingEarthProtocol_Package,MissionFuelFunders/docs/overview.md,2025-06-29,64,
FlourishingEarthProtocol_Package,MissionFuelFunders/docs/requirements.txt,2025-06-29,38,FlourishingEarthProtocol_Package/AIStreamCoach/docs/requirements.txt
FlourishingEarthProtocol_Package,MissionFuelFunders/docs/usage.md,2025-06-29,67,FlourishingEarthProtocol_Package/AIStreamCoach/docs/usage.md
FlourishingEarthProtocol_Package,MissionFuelFunders/src/main.py,2025-06-29,112,FlourishingEarthProtocol_Package/AIStreamCoach/src/main.py
FlourishingEarthProtocol_Package,MultiAgentGnosisTaskForce/README.md,2025-06-29,1742,
FlourishingEarthProtocol_Package,MultiAgentGnosisTaskForce/docs/installation.md,2025-06-29,111,FlourishingEarthProtocol_Package/AIStreamCoach/docs/installation.md
FlourishingEarthProtocol_Package,MultiAgentGnosisTaskForce/docs/overview.md,2025-06-29,71,
FlourishingEarthProtocol_Package,MultiAgentGnosisTaskForce/docs/requirements.txt,2025-06-29,38,FlourishingEarthProtocol_Package/AIStreamCoach/docs/requirements.txt
FlourishingEarthProtocol_Package,MultiAgentGnosisTaskForce/docs/usage.md,2025-06-29,67,FlourishingEarthProtocol_Package/AIStreamCoach/docs/usage.md
FlourishingEarthProtocol_Package,MultiAgentGnosisTaskForce/src/main.py,2025-06-29,112,FlourishingEarthProtocol_Package/AIStreamCoach/src/main.py
FlourishingEarthProtocol_Package,MycelialEnhancementV2/README.md,2025-06-29,1730,
FlourishingEarthProtocol_Package,MycelialEnhancementV2/docs/installation.md,2025-06-29,111,FlourishingEarthProtocol_Package/AIStreamCoach/docs/installation.md
FlourishingEarthProtocol_Package,MycelialEnhancementV2/docs/overview.md,2025-06-29,67,
FlourishingEarthProtocol_Package,MycelialEnhancementV2/docs/requirements.txt,2025-06-29,38,FlourishingEarthProtocol_Package/AIStreamCoach/docs/requirements.txt
FlourishingEarthProtocol_Package,MycelialEnhancementV2/docs/usage.md,2025-06-29,67,FlourishingEarthProtocol_Package/AIStreamCoach/docs/usage.md
FlourishingEarthProtocol_Package,MycelialEnhancementV2/src/main.py,2025-06-29,112,FlourishingEarthProtocol_Package/AIStreamCoach/src/main.py
FlourishingEarthProtocol_Package,NarrativeReframing/README.md,2025-06-29,1721,
FlourishingEarthProtocol_Package,NarrativeReframing/docs/installation.md,2025-06-29,111,FlourishingEarthProtocol_Package/AIStreamCoach/docs/installation.md
FlourishingEarthProtocol_Package,NarrativeReframing/docs/overview.md,2025-06-29,64,
FlourishingEarthProtocol_Package,NarrativeReframing/docs/requirements.txt,2025-06-29,38,FlourishingEarthProtocol_Package/AIStreamCoach/docs/requirements.txt
FlourishingEarthProtocol_Package,NarrativeReframing/docs/usage.md,2025-06-29,67,FlourishingEarthProtocol_Package/AIStreamCoach/docs/usage.md
FlourishingEarthProtocol_Package,NarrativeReframing/src/main.py,2025-06-29,112,FlourishingEarthProtocol_Package/AIStreamCoach/src/main.py
FlourishingEarthProtocol_Package,NatureToAITranslator/README.md,2025-06-29,1727,
FlourishingEarthProtocol_Package,NatureToAITranslator/docs/installation.md,2025-06-29,111,FlourishingEarthProtocol_Package/AIStreamCoach/docs/installation.md
FlourishingEarthProtocol_Package,NatureToAITranslator/docs/overview.md,2025-06-29,66,
FlourishingEarthProtocol_Package,NatureToAITranslator/docs/requirements.txt,2025-06-29,38,FlourishingEarthProtocol_Package/AIStreamCoach/docs/requirements.txt
FlourishingEarthProtocol_Package,NatureToAITranslator/docs/usage.md,2025-06-29,67,FlourishingEarthProtocol_Package/AIStreamCoach/docs/usage.md
FlourishingEarthProtocol_Package,NatureToAITranslator/src/main.py,2025-06-29,112,FlourishingEarthProtocol_Package/AIStreamCoach/src/main.py
FlourishingEarthProtocol_Package,OffgridPowerMesh/README.md,2025-06-29,1715,
FlourishingEarthProtocol_Package,OffgridPowerMesh/docs/installation.md,2025-06-29,111,FlourishingEarthProtocol_Package/AIStreamCoach/docs/installation.md
FlourishingEarthProtocol_Package,OffgridPowerMesh/docs/overview.md,2025-06-29,62,
FlourishingEarthProtocol_Package,OffgridPowerMesh/docs/requirements.txt,2025-06-29,38,FlourishingEarthProtocol_Package/AIStreamCoach/docs/requirements.txt
FlourishingEarthProtocol_Package,OffgridPowerMesh/docs/usage.md,2025-06-29,67,FlourishingEarthProtocol_Package/AIStreamCoach/docs/usage.md
FlourishingEarthProtocol_Package,OffgridPowerMesh/src/main.py,2025-06-29,112,FlourishingEarthProtocol_Package/AIStreamCoach/src/main.py
FlourishingEarthProtocol_Package,OpenStay/README.md,2025-06-29,1691,
FlourishingEarthProtocol_Package,OpenStay/docs/installation.md,2025-06-29,111,FlourishingEarthProtocol_Package/AIStreamCoach/docs/installation.md
FlourishingEarthProtocol_Package,OpenStay/docs/overview.md,2025-06-29,54,
FlourishingEarthProtocol_Package,OpenStay/docs/requirements.txt,2025-06-29,38,FlourishingEarthProtocol_Package/AIStreamCoach/docs/requirements.txt
FlourishingEarthProtocol_Package,OpenStay/docs/usage.md,2025-06-29,67,FlourishingEarthProtocol_Package/AIStreamCoach/docs/usage.md
FlourishingEarthProtocol_Package,OpenStay/src/main.py,2025-06-29,112,FlourishingEarthProtocol_Package/AIStreamCoach/src/main.py
FlourishingEarthProtocol_Package,OpenStore/README.md,2025-06-29,1694,
FlourishingEarthProtocol_Package,OpenStore/docs/installation.md,2025-06-29,111,FlourishingEarthProtocol_Package/AIStreamCoach/docs/installation.md
FlourishingEarthProtocol_Package,OpenStore/docs/overview.md,2025-06-29,55,
FlourishingEarthProtocol_Package,OpenStore/docs/requirements.txt,2025-06-29,38,FlourishingEarthProtocol_Package/AIStreamCoach/docs/requirements.txt
FlourishingEarthProtocol_Package,OpenStore/docs/usage.md,2025-06-29,67,FlourishingEarthProtocol_Package/AIStreamCoach/docs/usage.md
FlourishingEarthProtocol_Package,OpenStore/src/main.py,2025-06-29,112,FlourishingEarthProtocol_Package/AIStreamCoach/src/main.py
FlourishingEarthProtocol_Package,ParticulateRemovalSkies/README.md,2025-06-29,1736,
FlourishingEarthProtocol_Package,ParticulateRemovalSkies/docs/installation.md,2025-06-29,111,FlourishingEarthProtocol_Package/AIStreamCoach/docs/installation.md
FlourishingEarthProtocol_Package,ParticulateRemovalSkies/docs/overview.md,2025-06-29,69,
FlourishingEarthProtocol_Package,ParticulateRemovalSkies/docs/requirements.txt,2025-06-29,38,FlourishingEarthProtocol_Package/AIStreamCoach/docs/requirements.txt
FlourishingEarthProtocol_Package,ParticulateRemovalSkies/docs/usage.md,2025-06-29,67,FlourishingEarthProtocol_Package/AIStreamCoach/docs/usage.md
FlourishingEarthProtocol_Package,ParticulateRemovalSkies/src/main.py,2025-06-29,112,FlourishingEarthProtocol_Package/AIStreamCoach/src/main.py
FlourishingEarthProtocol_Package,PeaceRippleTracker/README.md,2025-06-29,1721,
FlourishingEarthProtocol_Package,PeaceRippleTracker/docs/installation.md,2025-06-29,111,FlourishingEarthProtocol_Package/AIStreamCoach/docs/installation.md
FlourishingEarthProtocol_Package,PeaceRippleTracker/docs/overview.md,2025-06-29,64,
FlourishingEarthProtocol_Package,PeaceRippleTracker/docs/requirements.txt,2025-06-29,38,FlourishingEarthProtocol_Package/AIStreamCoach/docs/requirements.txt
FlourishingEarthProtocol_Package,PeaceRippleTracker/docs/usage.md,2025-06-29,67,FlourishingEarthProtocol_Package/AIStreamCoach/docs/usage.md
FlourishingEarthProtocol_Package,PeaceRippleTracker/src/main.py,2025-06-29,112,FlourishingEarthProtocol_Package/AIStreamCoach/src/main.py
FlourishingEarthProtocol_Package,PostFireSoilRebuilder/README.md,2025-06-29,1730,
FlourishingEarthProtocol_Package,PostFireSoilRebuilder/docs/installation.md,2025-06-29,111,FlourishingEarthProtocol_Package/AIStreamCoach/docs/installation.md
FlourishingEarthProtocol_Package,PostFireSoilRebuilder/docs/overview.md,2025-06-29,67,
FlourishingEarthProtocol_Package,PostFireSoilRebuilder/docs/requirements.txt,2025-06-29,38,FlourishingEarthProtocol_Package/AIStreamCoach/docs/requirements.txt
FlourishingEarthProtocol_Package,PostFireSoilRebuilder/docs/usage.md,2025-06-29,67,FlourishingEarthProtocol_Package/AIStreamCoach/docs/usage.md
FlourishingEarthProtocol_Package,PostFireSoilRebuilder/src/main.py,2025-06-29,112,FlourishingEarthProtocol_Package/AIStreamCoach/src/main.py
FlourishingEarthProtocol_Package,PublicResumePack/README.md,2025-06-29,1715,
FlourishingEarthProtocol_Package,PublicResumePack/docs/installation.md,2025-06-29,111,FlourishingEarthProtocol_Package/AIStreamCoach/docs/installation.md
FlourishingEarthProtocol_Package,PublicResumePack/docs/overview.md,2025-06-29,62,
FlourishingEarthProtocol_Package,PublicResumePack/docs/requirements.txt,2025-06-29,38,FlourishingEarthProtocol_Package/AIStreamCoach/docs/requirements.txt
FlourishingEarthProtocol_Package,PublicResumePack/docs/usage.md,2025-06-29,67,FlourishingEarthProtocol_Package/AIStreamCoach/docs/usage.md
FlourishingEarthProtocol_Package,PublicResumePack/src/main.py,2025-06-29,112,FlourishingEarthProtocol_Package/AIStreamCoach/src/main.py
FlourishingEarthProtocol_Package,Roadlight/README.md,2025-06-29,1694,
FlourishingEarthProtocol_Package,Roadlight/docs/installation.md,2025-06-29,111,FlourishingEarthProtocol_Package/AIStreamCoach/docs/installation.md
FlourishingEarthProtocol_Package,Roadlight/docs/overview.md,2025-06-29,55,
FlourishingEarthProtocol_Package,Roadlight/docs/requirements.txt,2025-06-29,38,FlourishingEarthProtocol_Package/AIStreamCoach/docs/requirements.txt
FlourishingEarthProtocol_Package,Roadlight/docs/usage.md,2025-06-29,67,FlourishingEarthProtocol_Package/AIStreamCoach/docs/usage.md
FlourishingEarthProtocol_Package,Roadlight/src/main.py,2025-06-29,112,FlourishingEarthProtocol_Package/AIStreamCoach/src/main.py
FlourishingEarthProtocol_Package,SaltFlip/README.md,2025-06-29,1691,
FlourishingEarthProtocol_Package,SaltFlip/docs/installation.md,2025-06-29,111,FlourishingEarthProtocol_Package/AIStreamCoach/docs/installation.md
FlourishingEarthProtocol_Package,SaltFlip/docs/overview.md,2025-06-29,54,
FlourishingEarthProtocol_Package,SaltFlip/docs/requirements.txt,2025-06-29,38,FlourishingEarthProtocol_Package/AIStreamCoach/docs/requirements.txt
FlourishingEarthProtocol_Package,SaltFlip/docs/usage.md,2025-06-29,67,FlourishingEarthProtocol_Package/AIStreamCoach/docs/usage.md
FlourishingEarthProtocol_Package,SaltFlip/src/main.py,2025-06-29,112,FlourishingEarthProtocol_Package/AIStreamCoach/src/main.py
FlourishingEarthProtocol_Package,SentinelARC/README.md,2025-06-29,1700,
FlourishingEarthProtocol_Package,SentinelARC/docs/installation.md,2025-06-29,111,FlourishingEarthProtocol_Package/AIStreamCoach/docs/installation.md
FlourishingEarthProtocol_Package,SentinelARC/docs/overview.md,2025-06-29,57,
FlourishingEarthProtocol_Package,SentinelARC/docs/requirements.txt,2025-06-29,38,FlourishingEarthProtocol_Package/AIStreamCoach/docs/requirements.txt
FlourishingEarthProtocol_Package,SentinelARC/docs/usage.md,2025-06-29,67,FlourishingEarthProtocol_Package/AIStreamCoach/docs/usage.md
FlourishingEarthProtocol_Package,SentinelARC/src/main.py,2025-06-29,112,FlourishingEarthProtocol_Package/AIStreamCoach/src/main.py
FlourishingEarthProtocol_Package,SymbioteArbitrageAgent/README.md,2025-06-29,1733,
FlourishingEarthProtocol_Package,SymbioteArbitrageAgent/docs/installation.md,2025-06-29,111,FlourishingEarthProtocol_Package/AIStreamCoach/docs/installation.md
FlourishingEarthProtocol_Package,SymbioteArbitrageAgent/docs/overview.md,2025-06-29,68,
FlourishingEarthProtocol_Package,SymbioteArbitrageAgent/docs/requirements.txt,2025-06-29,38,FlourishingEarthProtocol_Package/AIStreamCoach/docs/requirements.txt
FlourishingEarthProtocol_Package,SymbioteArbitrageAgent/docs/usage.md,2025-06-29,67,FlourishingEarthProtocol_Package/AIStreamCoach/docs/usage.md
FlourishingEarthProtocol_Package,SymbioteArbitrageAgent/src/main.py,2025-06-29,112,FlourishingEarthProtocol_Package/AIStreamCoach/src/main.py
FlourishingEarthProtocol_Package,SymbioteCircleMap/README.md,2025-06-29,1718,
FlourishingEarthProtocol_Package,SymbioteCircleMap/docs/installation.md,2025-06-29,111,FlourishingEarthProtocol_Package/AIStreamCoach/docs/installation.md
FlourishingEarthProtocol_Package,SymbioteCircleMap/docs/overview.md,2025-06-29,63,
FlourishingEarthProtocol_Package,SymbioteCircleMap/docs/requirements.txt,2025-06-29,38,FlourishingEarthProtocol_Package/AIStreamCoach/docs/requirements.txt
FlourishingEarthProtocol_Package,SymbioteCircleMap/docs/usage.md,2025-06-29,67,FlourishingEarthProtocol_Package/AIStreamCoach/docs/usage.md
FlourishingEarthProtocol_Package,SymbioteCircleMap/src/main.py,2025-06-29,112,FlourishingEarthProtocol_Package/AIStreamCoach/src/main.py
FlourishingEarthProtocol_Package,TruthReport/README.md,2025-06-29,1700,
FlourishingEarthProtocol_Package,TruthReport/docs/installation.md,2025-06-29,111,FlourishingEarthProtocol_Package/AIStreamCoach/docs/installation.md
FlourishingEarthProtocol_Package,TruthReport/docs/overview.md,2025-06-29,57,
FlourishingEarthProtocol_Package,TruthReport/docs/requirements.txt,2025-06-29,38,FlourishingEarthProtocol_Package/AIStreamCoach/docs/requirements.txt
FlourishingEarthProtocol_Package,TruthReport/docs/usage.md,2025-06-29,67,FlourishingEarthProtocol_Package/AIStreamCoach/docs/usage.md
FlourishingEarthProtocol_Package,TruthReport/src/main.py,2025-06-29,112,FlourishingEarthProtocol_Package/AIStreamCoach/src/main.py
FlourishingEarthProtocol_Package,VehicleEmotionTether/README.md,2025-06-29,1727,
FlourishingEarthProtocol_Package,VehicleEmotionTether/docs/installation.md,2025-06-29,111,FlourishingEarthProtocol_Package/AIStreamCoach/docs/installation.md
FlourishingEarthProtocol_Package,VehicleEmotionTether/docs/overview.md,2025-06-29,66,
FlourishingEarthProtocol_Package,VehicleEmotionTether/docs/requirements.txt,2025-06-29,38,FlourishingEarthProtocol_Package/AIStreamCoach/docs/requirements.txt
FlourishingEarthProtocol_Package,VehicleEmotionTether/docs/usage.md,2025-06-29,67,FlourishingEarthProtocol_Package/AIStreamCoach/docs/usage.md
FlourishingEarthProtocol_Package,VehicleEmotionTether/src/main.py,2025-06-29,112,FlourishingEarthProtocol_Package/AIStreamCoach/src/main.py
AIStreamCoach,CHANGELOG.md,2025-06-29,47,
AIStreamCoach,CODE_OF_CONDUCT.md,2025-06-29,53,
AIStreamCoach,CONTRIBUTING.md,2025-06-29,50,
AIStreamCoach,README.md,2025-06-29,954,
AIStreamCoach,ROADMAP.md,2025-06-29,45,
AIStreamCoach,SECURITY.md,2025-06-29,46,
AIStreamCoach,docs/installation.md,2025-06-29,111,FlourishingEarthProtocol_Package/AIStreamCoach/docs/installation.md
AIStreamCoach,docs/overview.md,2025-06-29,59,FlourishingEarthProtocol_Package/AIStreamCoach/docs/overview.md
AIStreamCoach,docs/requirements.txt,2025-06-29,38,FlourishingEarthProtocol_Package/AIStreamCoach/docs/requirements.txt
AIStreamCoach,docs/usage.md,2025-06-29,67,FlourishingEarthProtocol_Package/AIStreamCoach/docs/usage.md
AIStreamCoach,requirements.txt,2025-06-29,51,
AIStreamCoach,src/main.py,2025-06-29,112,FlourishingEarthProtocol_Package/AIStreamCoach/src/main.py
AshAlertApp,README.md,2025-06-29,1784,
AshAlertApp,docs/installation.md,2025-06-29,111,FlourishingEarthProtocol_Package/AIStreamCoach/docs/installation.md
AshAlertApp,docs/overview.md,2025-06-29,57,FlourishingEarthProtocol_Package/AshAlertApp/docs/overview.md
AshAlertApp,docs/requirements.txt,2025-06-29,38,FlourishingEarthProtocol_Package/AIStreamCoach/docs/requirements.txt
AshAlertApp,docs/usage.md,2025-06-29,67,FlourishingEarthProtocol_Package/AIStreamCoach/docs/usage.md
AshAlertApp,src/main.py,2025-06-29,112,FlourishingEarthProtocol_Package/AIStreamCoach/src/main.py
AshenBloom,README.md,2025-06-29,1780,
AshenBloom,docs/installation.md,2025-06-29,111,FlourishingEarthProtocol_Package/AIStreamCoach/docs/installation.md
AshenBloom,docs/overview.md,2025-06-29,56,FlourishingEarthProtocol_Package/AshenBloom/docs/overview.md
AshenBloom,docs/requirements.txt,2025-06-29,38,FlourishingEarthProtocol_Package/AIStreamCoach/docs/requirements.txt
AshenBloom,docs/usage.md,2025-06-29,67,FlourishingEarthProtocol_Package/AIStreamCoach/docs/usage.md
AshenBloom,src/main.py,2025-06-29,112,FlourishingEarthProtocol_Package/AIStreamCoach/src/main.py
AutoIPSuite,README.md,2025-06-29,1784,
AutoIPSuite,docs/installation.md,2025-06-29,111,FlourishingEarthProtocol_Package/AIStreamCoach/docs/installation.md
AutoIPSuite,docs/overview.md,2025-06-29,57,FlourishingEarthProtocol_Package/AutoIPSuite/docs/overview.md
AutoIPSuite,docs/requirements.txt,2025-06-29,38,FlourishingEarthProtocol_Package/AIStreamCoach/docs/requirements.txt
AutoIPSuite,docs/usage.md,2025-06-29,67,FlourishingEarthProtocol_Package/AIStreamCoach/docs/usage.md
AutoIPSuite,src/main.py,2025-06-29,112,FlourishingEarthProtocol_Package/AIStreamCoach/src/main.py
fire-prevention-systems,README.md,2025-06-29,25,
BiofoamFirebreaks,README.md,2025-06-29,1808,
BiofoamFirebreaks,docs/installation.md,2025-06-29,111,FlourishingEarthProtocol_Package/AIStreamCoach/docs/installation.md
BiofoamFirebreaks,docs/overview.md,2025-06-29,63,FlourishingEarthProtocol_Package/BiofoamFirebreaks/docs/overview.md
BiofoamFirebreaks,docs/requirements.txt,2025-06-29,38,FlourishingEarthProtocol_Package/AIStreamCoach/docs/requirements.txt
BiofoamFirebreaks,docs/usage.md,2025-06-29,67,FlourishingEarthProtocol_Package/AIStreamCoach/docs/usage.md
BiofoamFirebreaks,src/main.py,2025-06-29,112,FlourishingEarthProtocol_Package/AIStreamCoach/src/main.py
BuyMeACoffeeSymbiote,README.md,2025-06-29,1820,
BuyMeACoffeeSymbiote,docs/installation.md,2025-06-29,111,FlourishingEarthProtocol_Package/AIStreamCoach/docs/installation.md
BuyMeACoffeeSymbiote,docs/overview.md,2025-06-29,66,FlourishingEarthProtocol_Package/BuyMeACoffeeSymbiote/docs/overview.md
BuyMeACoffeeSymbiote,docs/requirements.txt,2025-06-29,38,FlourishingEarthProtocol_Package/AIStreamCoach/docs/requirements.txt
BuyMeACoffeeSymbiote,docs/usage.md,2025-06-29,67,FlourishingEarthProtocol_Package/AIStreamCoach/docs/usage.md
BuyMeACoffeeSymbiote,src/main.py,2025-06-29,112,FlourishingEarthProtocol_Package/AIStreamCoach/src/main.py
DDD,README.md,2025-06-29,1752,
DDD,docs/installation.md,2025-06-29,111,FlourishingEarthProtocol_Package/AIStreamCoach/docs/installation.md
DDD,docs/overview.md,2025-06-29,49,FlourishingEarthProtocol_Package/DDD/docs/overview.md
DDD,docs/requirements.txt,2025-06-29,38,FlourishingEarthProtocol_Package/AIStreamCoach/docs/requirements.txt
DDD,docs/usage.md,2025-06-29,67,FlourishingEarthProtocol_Package/AIStreamCoach/docs/usage.md
DDD,src/main.py,2025-06-29,112,FlourishingEarthProtocol_Package/AIStreamCoach/src/main.py
EmotionalAlchemyGame,README.md,2025-06-29,1820,
EmotionalAlchemyGame,docs/installation.md,2025-06-29,111,FlourishingEarthProtocol_Package/AIStreamCoach/docs/installation.md
EmotionalAlchemyGame,docs/overview.md,2025-06-29,66,FlourishingEarthProtocol_Package/EmotionalAlchemyGame/docs/overview.md
EmotionalAlchemyGame,docs/requirements.txt,2025-06-29,38,FlourishingEarthProtocol_Package/AIStreamCoach/docs/requirements.txt
EmotionalAlchemyGame,docs/usage.md,2025-06-29,67,FlourishingEarthProtocol_Package/AIStreamCoach/docs/usage.md
EmotionalAlchemyGame,src/main.py,2025-06-29,112,FlourishingEarthProtocol_Package/AIStreamCoach/src/main.py
FireHalo,README.md,2025-06-29,1772,
FireHalo,docs/installation.md,2025-06-29,111,FlourishingEarthProtocol_Package/AIStreamCoach/docs/installation.md
FireHalo,docs/overview.md,2025-06-29,54,FlourishingEarthProtocol_Package/FireHalo/docs/overview.md
FireHalo,docs/requirements.txt,2025-06-29,38,FlourishingEarthProtocol_Package/AIStreamCoach/docs/requirements.txt
FireHalo,docs/usage.md,2025-06-29,67,FlourishingEarthProtocol_Package/AIStreamCoach/docs/usage.md
FireHalo,src/main.py,2025-06-29,112,FlourishingEarthProtocol_Package/AIStreamCoach/src/main.py
ForgivenessIsPower,README.md,2025-06-29,1812,
ForgivenessIsPower,docs/installation.md,2025-06-29,111,FlourishingEarthProtocol_Package/AIStreamCoach/docs/installation.md
ForgivenessIsPower,docs/overview.md,2025-06-29,64,FlourishingEarthProtocol_Package/ForgivenessIsPower/docs/overview.md
ForgivenessIsPower,docs/requirements.txt,2025-06-29,38,FlourishingEarthProtocol_Package/AIStreamCoach/docs/requirements.txt
ForgivenessIsPower,docs/usage.md,2025-06-29,67,FlourishingEarthProtocol_Package/AIStreamCoach/docs/usage.md
ForgivenessIsPower,src/main.py,2025-06-29,112,FlourishingEarthProtocol_Package/AIStreamCoach/src/main.py
FostersForge,README.md,2025-06-29,1788,
FostersForge,docs/installation.md,2025-06-29,111,FlourishingEarthProtocol_Package/AIStreamCoach/docs/installation.md
FostersForge,docs/overview.md,2025-06-29,58,FlourishingEarthProtocol_Package/FostersForge/docs/overview.md
FostersForge,docs/requirements.txt,2025-06-29,38,FlourishingEarthProtocol_Package/AIStreamCoach/docs/requirements.txt
FostersForge,docs/usage.md,2025-06-29,67,FlourishingEarthProtocol_Package/AIStreamCoach/docs/usage.md
FostersForge,src/main.py,2025-06-29,112,FlourishingEarthProtocol_Package/AIStreamCoach/src/main.py
GlobalSymbioteLedger,README.md,2025-06-29,1820,
GlobalSymbioteLedger,docs/installation.md,2025-06-29,111,FlourishingEarthProtocol_Package/AIStreamCoach/docs/installation.md
GlobalSymbioteLedger,docs/overview.md,2025-06-29,66,FlourishingEarthProtocol_Package/GlobalSymbioteLedger/docs/overview.md
GlobalSymbioteLedger,docs/requirements.txt,2025-06-29,38,FlourishingEarthProtocol_Package/AIStreamCoach/docs/requirements.txt
GlobalSymbioteLedger,docs/usage.md,2025-06-29,67,FlourishingEarthProtocol_Package/AIStreamCoach/docs/usage.md
GlobalSymbioteLedger,src/main.py,2025-06-29,112,FlourishingEarthProtocol_Package/AIStreamCoach/src/main.py
GuardianTrustModel,README.md,2025-06-29,1812,
GuardianTrustModel,docs/installation.md,2025-06-29,111,FlourishingEarthProtocol_Package/AIStreamCoach/docs/installation.md
GuardianTrustModel,docs/overview.md,2025-06-29,64,FlourishingEarthProtocol_Package/GuardianTrustModel/docs/overview.md
GuardianTrustModel,docs/requirements.txt,2025-06-29,38,FlourishingEarthProtocol_Package/AIStreamCoach/docs/requirements.txt
GuardianTrustModel,docs/usage.md,2025-06-29,67,FlourishingEarthProtocol_Package/AIStreamCoach/docs/usage.md
GuardianTrustModel,src/main.py,2025-06-29,112,FlourishingEarthProtocol_Package/AIStreamCoach/src/main.py
ImpactTracker,README.md,2025-06-29,1792,
ImpactTracker,docs/installation.md,2025-06-29,111,FlourishingEarthProtocol_Package/AIStreamCoach/docs/installation.md
ImpactTracker,docs/overview.md,2025-06-29,59,FlourishingEarthProtocol_Package/ImpactTracker/docs/overview.md
ImpactTracker,docs/requirements.txt,2025-06-29,38,FlourishingEarthProtocol_Package/AIStreamCoach/docs/requirements.txt
ImpactTracker,docs/usage.md,2025-06-29,67,FlourishingEarthProtocol_Package/AIStreamCoach/docs/usage.md
ImpactTracker,src/main.py,2025-06-29,112,FlourishingEarthProtocol_Package/AIStreamCoach/src/main.py
KindnessWinsEngine,KindnessWinsEngine/CODE_OF_CONDUCT.md,2025-06-29,121,
KindnessWinsEngine,KindnessWinsEngine/CONTRIBUTING.md,2025-06-29,134,
KindnessWinsEngine,KindnessWinsEngine/KINDNESS_GUIDE.md,2025-06-29,143,
KindnessWinsEngine,KindnessWinsEngine/README.md,2025-06-29,171,
KindnessWinsEngine,KindnessWinsEngine/ROADMAP.md,2025-06-29,110,
KindnessWinsEngine,README.md,2025-06-29,20,
Lightforge,README.md,2025-06-29,12,
LoopFall,README.md,2025-06-29,10,
MagenticOneAccess,README.md,2025-06-29,19,
MissionFuelFunders,README.md,2025-06-29,20,
MultiAgentGnosisTaskForce,README.md,2025-06-29,27,
MycelialEnhancementV2,README.md,2025-06-29,23,
NarrativeReframing,README.md,2025-06-29,20,
NatureToAITranslator,README.md,2025-06-29,22,
OffgridPowerMesh,README.md,2025-06-29,18,
OpenStore,README.md,2025-06-29,11,
ParticulateRemovalSkies,README.md,2025-06-29,25,
PeaceRippleTracker,README.md,2025-06-29,20,
PostFireSoilRebuilder,README.md,2025-06-29,23,
PublicResumePack,README.md,2025-06-29,18,
Roadlight,README.md,2025-06-29,11,
SaltFlip,README.md,2025-06-29,10,
SentinelARC,README.md,2025-06-29,13,
SymbioteArbitrageAgent,README.md,2025-06-29,1733,FlourishingEarthProtocol_Package/SymbioteArbitrageAgent/README.md
SymbioteArbitrageAgent,docs/installation.md,2025-06-29,111,FlourishingEarthProtocol_Package/AIStreamCoach/docs/installation.md
SymbioteArbitrageAgent,docs/overview.md,2025-06-29,68,FlourishingEarthProtocol_Package/SymbioteArbitrageAgent/docs/overview.md
SymbioteArbitrageAgent,docs/requirements.txt,2025-06-29,38,FlourishingEarthProtocol_Package/AIStreamCoach/docs/requirements.txt
SymbioteArbitrageAgent,docs/usage.md,2025-06-29,67,FlourishingEarthProtocol_Package/AIStreamCoach/docs/usage.md
SymbioteArbitrageAgent,src/main.py,2025-06-29,112,FlourishingEarthProtocol_Package/AIStreamCoach/src/main.py
SymbioteCircleMap,README.md,2025-06-29,19,
TruthReport,README.md,2025-06-29,13,
VehicleEmotionTether,README.md,2025-06-29,22,
VehicleEmotionTether,diagrams/README.md,2025-06-29,131,
VehicleEmotionTether,docs/installation.md,2025-06-29,111,FlourishingEarthProtocol_Package/AIStreamCoach/docs/installation.md
VehicleEmotionTether,docs/overview.md,2025-06-29,108,
VehicleEmotionTether,docs/requirements.txt,2025-06-29,38,FlourishingEarthProtocol_Package/AIStreamCoach/docs/requirements.txt
VehicleEmotionTether,docs/usage.md,2025-06-29,67,FlourishingEarthProtocol_Package/AIStreamCoach/docs/usage.md
VehicleEmotionTether,examples/demo_run.md,2025-06-29,66,
VehicleEmotionTether,src/emotion.py,2025-06-29,107,
VehicleEmotionTether,src/main.py,2025-06-29,356,
VehicleEmotionTether,src/sensors.py,2025-06-29,81,
VehicleEmotionTether,src/vehicle_control.py,2025-06-29,222,
VehicleEmotionTether,tests/test_emotion.py,2025-06-29,155,
SymbioteOne-Orchestrator,CHANGELOG.md,2025-06-29,47,
SymbioteOne-Orchestrator,CODE_OF_CONDUCT.md,2025-06-29,64,
SymbioteOne-Orchestrator,CONTRIBUTING.md,2025-06-29,63,
SymbioteOne-Orchestrator,DAO_integration/dao_manifest.md,2025-06-29,88,
SymbioteOne-Orchestrator,DAO_integration/proposal_template.md,2025-06-29,87,
SymbioteOne-Orchestrator,README.md,2025-06-29,4260,
SymbioteOne-Orchestrator,ROADMAP.md,2025-06-29,89,
SymbioteOne-Orchestrator,SECURITY.md,2025-06-29,73,
SymbioteOne-Orchestrator,ai-models/symbiotic_lm_card.md,2025-06-29,93,
SymbioteOne-Orchestrator,branding/logo.txt,2025-06-29,28,
SymbioteOne-Orchestrator,branding/social_template.txt,2025-06-29,331,
SymbioteOne-Orchestrator,campaign/launch_plan.md,2025-06-29,122,
SymbioteOne-Orchestrator,deprecated/old_architecture.md,2025-06-29,80,
SymbioteOne-Orchestrator,docs/OpenGraphPreview.md,2025-06-29,434,
SymbioteOne-Orchestrator,docs/demo_video_script.md,2025-06-29,564,
SymbioteOne-Orchestrator,docs/grant_proposal_template.md,2025-06-29,655,
SymbioteOne-Orchestrator,docs/overview.md,2025-06-29,88,
SymbioteOne-Orchestrator,docs/repo_overview.md,2025-06-29,1524,
SymbioteOne-Orchestrator,docs/slide_deck.md,2025-06-29,606,
SymbioteOne-Orchestrator,electronics/sensor_input_module.md,2025-06-29,115,
SymbioteOne-Orchestrator,ethics/ethics_board.md,2025-06-29,138,
SymbioteOne-Orchestrator,examples/example_usage.py,2025-06-29,74,
SymbioteOne-Orchestrator,firmware/firmware_info.md,2025-06-29,101,
SymbioteOne-Orchestrator,hardware/hardware_spec.md,2025-06-29,89,
SymbioteOne-Orchestrator,legal/tos.md,2025-06-29,85,
SymbioteOne-Orchestrator,lib/utils.py,2025-06-29,69,
SymbioteOne-Orchestrator,media/banner.txt,2025-06-29,75,
SymbioteOne-Orchestrator,metrics/impact_tracker.md,2025-06-29,81,
SymbioteOne-Orchestrator,mobile/app_notes.md,2025-06-29,77,
SymbioteOne-Orchestrator,partnerships/invite_letter.md,2025-06-29,82,
SymbioteOne-Orchestrator,requirements.txt,2025-06-29,37,
SymbioteOne-Orchestrator,research/symbiosis_theory.md,2025-06-29,98,
SymbioteOne-Orchestrator,scripts/init_nexus.py,2025-06-29,114,
SymbioteOne-Orchestrator,simulations/fire_response_sim.py,2025-06-29,181,
SymbioteOne-Orchestrator,src/agents.py,2025-06-29,286,
SymbioteOne-Orchestrator,src/main.py,2025-06-29,704,
SymbioteOne-Orchestrator,src/mission_router.py,2025-06-29,266,
SymbioteOne-Orchestrator,sustainability/regeneration_log.md,2025-06-29,88,
SymbioteOne-Orchestrator,tests/test_main.py,2025-06-29,28,
SymbioteOne-Orchestrator,tools/diagnostics.py,2025-06-29,94,
SymbioteOne-Orchestrator,translations/readme_fr.md,2025-06-29,86,
SymbioteOne-Orchestrator,web/dashboard_readme.md,2025-06-29,84,
FractalVineRail,README.md,2025-06-29,17,
PhaseDrive,CHANGELOG.md,2025-06-29,45,
PhaseDrive,CODE_OF_CONDUCT.md,2025-06-29,51,
PhaseDrive,CONTRIBUTING.md,2025-06-29,48,
PhaseDrive,README.md,2025-06-29,333,
PhaseDrive,ROADMAP.md,2025-06-29,43,
PhaseDrive,SECURITY.md,2025-06-29,44,
PhaseDrive,requirements.txt,2025-06-29,49,
ProjectCoherence,README.md,2025-06-29,18,
SpiralLiftPod,README.md,2025-06-29,15,
VortexPulse,README.md,2025-06-29,13,
WaveRider,README.md,2025-06-29,11,
AgitationPressureDrive,.github/README.md,2025-06-29,3870,
AgitationPressureDrive,CHANGELOG.md,2025-06-29,73,
AgitationPressureDrive,CODE_OF_CONDUCT.md,2025-06-29,60,
AgitationPressureDrive,CONTRIBUTING.md,2025-06-29,73,
AgitationPressureDrive,DAO_integration/README.md,2025-06-29,59,
AgitationPressureDrive,README.md,2025-06-29,3870,AgitationPressureDrive/.github/README.md
AgitationPressureDrive,ROADMAP.md,2025-06-29,50,
AgitationPressureDrive,SECURITY.md,2025-06-29,65,
AgitationPressureDrive,ai-models/README.md,2025-06-29,47,
AgitationPressureDrive,bin/README.md,2025-06-29,35,
AgitationPressureDrive,branding/README.md,2025-06-29,45,
AgitationPressureDrive,campaign/README.md,2025-06-29,45,
AgitationPressureDrive,config/README.md,2025-06-29,41,
AgitationPressureDrive,datasets/README.md,2025-06-29,45,
AgitationPressureDrive,deployment/README.md,2025-06-29,49,
AgitationPressureDrive,deprecated/README.md,2025-06-29,49,
AgitationPressureDrive,diagrams/README.md,2025-06-29,45,
AgitationPressureDrive,docs/README.md,2025-06-29,37,
AgitationPressureDrive,electronics/README.md,2025-06-29,51,
AgitationPressureDrive,ethics/README.md,2025-06-29,41,
AgitationPressureDrive,examples/README.md,2025-06-29,45,
AgitationPressureDrive,firmware/README.md,2025-06-29,45,
AgitationPressureDrive,hardware/README.md,2025-06-29,45,
AgitationPressureDrive,legal/README.md,2025-06-29,39,
AgitationPressureDrive,lib/README.md,2025-06-29,35,
AgitationPressureDrive,media/README.md,2025-06-29,39,
AgitationPressureDrive,metrics/README.md,2025-06-29,43,
AgitationPressureDrive,mobile/README.md,2025-06-29,41,
AgitationPressureDrive,notebooks/README.md,2025-06-29,47,
AgitationPressureDrive,partnerships/README.md,2025-06-29,53,
AgitationPressureDrive,requirements.txt,2025-06-29,36,
AgitationPressureDrive,research/README.md,2025-06-29,45,
AgitationPressureDrive,schematics/README.md,2025-06-29,49,
AgitationPressureDrive,scripts/README.md,2025-06-29,43,
AgitationPressureDrive,simulations/README.md,2025-06-29,51,
AgitationPressureDrive,src/README.md,2025-06-29,35,
AgitationPressureDrive,sustainability/README.md,2025-06-29,57,
AgitationPressureDrive,tests/README.md,2025-06-29,39,
AgitationPressureDrive,tools/README.md,2025-06-29,39,
AgitationPressureDrive,translations/README.md,2025-06-29,53,
AgitationPressureDrive,web/README.md,2025-06-29,35,
FortMacOrchard,README.md,2025-06-30,16,
FortMacOrchard,good_idea.md,2025-06-30,1312,
-Inspiration,README.md,2025-07-02,3732,
planetary-restoration-archive,IP_NOTES.md,2025-07-05,6670,
planetary-restoration-archive,PROOF.md,2025-07-05,211,
planetary-restoration-archive,README.md,2025-07-05,8632,
planetary-restoration-archive,SECURITY.md,2025-07-05,828,
planetary-restoration-archive,city-deployments/Canada/Brampton/index.md,2025-07-05,63,
planetary-restoration-archive,city-deployments/Canada/Calgary/index.md,2025-07-05,62,
planetary-restoration-archive,city-deployments/Canada/Charlotte/index.md,2025-07-05,64,
planetary-restoration-archive,city-deployments/Canada/Charlottetown/index.md,2025-07-05,68,
planetary-restoration-archive,city-deployments/Canada/Edmonton/index.md,2025-07-05,63,
planetary-restoration-archive,city-deployments/Canada/Fredericton/index.md,2025-07-05,66,
planetary-restoration-archive,city-deployments/Canada/Gatineau/index.md,2025-07-05,63,
planetary-restoration-archive,city-deployments/Canada/Halifax/index.md,2025-07-05,62,
planetary-restoration-archive,city-deployments/Canada/Hamilton/index.md,2025-07-05,63,
planetary-restoration-archive,city-deployments/Canada/Iqaluit/index.md,2025-07-05,62,
planetary-restoration-archive,city-deployments/Canada/Kitchener/index.md,2025-07-05,64,
planetary-restoration-archive,city-deployments/Canada/Laval/index.md,2025-07-05,60,
planetary-restoration-archive,city-deployments/Canada/London_(Ontario)/index.md,2025-07-05,71,
planetary-restoration-archive,city-deployments/Canada/Longueuil/index.md,2025-07-05,64,
planetary-restoration-archive,city-deployments/Canada/Markham/index.md,2025-07-05,62,
planetary-restoration-archive,city-deployments/Canada/Moncton/index.md,2025-07-05,62,
planetary-restoration-archive,city-deployments/Canada/Montreal/index.md,2025-07-05,63,
planetary-restoration-archive,city-deployments/Canada/Ottawa/index.md,2025-07-05,61,
planetary-restoration-archive,city-deployments/Canada/Quebec_City/index.md,2025-07-05,66,
planetary-restoration-archive,city-deployments/Canada/Regina/index.md,2025-07-05,61,
planetary-restoration-archive,city-deployments/Canada/Richmond/index.md,2025-07-05,63,
planetary-restoration-archive,city-deployments/Canada/Saguenay/index.md,2025-07-05,63,
planetary-restoration-archive,city-deployments/Canada/Saskatoon/index.md,2025-07-05,64,
planetary-restoration-archive,city-deployments/Canada/Sherbrooke/index.md,2025-07-05,65,
planetary-restoration-archive,city-deployments/Canada/St._John's/index.md,2025-07-05,65,
planetary-restoration-archive,city-deployments/Canada/Surrey/index.md,2025-07-05,61,
planetary-restoration-archive,city-deployments/Canada/Toronto/index.md,2025-07-05,62,
planetary-restoration-archive,city-deployments/Canada/Trois-Rivières/index.md,2025-07-05,69,
planetary-restoration-archive,city-deployments/Canada/Vancouver/index.md,2025-07-05,64,
planetary-restoration-archive,city-deployments/Canada/Vaughan/index.md,2025-07-05,62,
planetary-restoration-archive,city-deployments/Canada/Victoria/index.md,2025-07-05,63,
planetary-restoration-archive,city-deployments/Canada/Whitehorse/index.md,2025-07-05,65,
planetary-restoration-archive,city-deployments/Canada/Windsor/index.md,2025-07-05,62,
planetary-restoration-archive,city-deployments/Canada/Winnipeg/index.md,2025-07-05,63,
planetary-restoration-archive,city-deployments/Canada/Yellowknife/index.md,2025-07-05,66,
planetary-restoration-archive,city-deployments/Canada/british-columbia/Burnaby/index.md,2025-07-05,62,
planetary-restoration-archive,city-deployments/Canada/british-columbia/deployment-plan.md,2025-07-05,59,
planetary-restoration-archive,city-deployments/Mexico/Cancún/index.md,2025-07-05,61,
planetary-restoration-archive,city-deployments/Mexico/Ciudad_Juárez/index.md,2025-07-05,68,
planetary-restoration-archive,city-deployments/Mexico/El_Paso/index.md,2025-07-05,62,
planetary-restoration-archive,city-deployments/Mexico/Guadalajara/index.md,2025-07-05,66,
planetary-restoration-archive,city-deployments/Mexico/León/index.md,2025-07-05,59,
planetary-restoration-archive,city-deployments/Mexico/Mesa/index.md,2025-07-05,59,
planetary-restoration-archive,city-deployments/Mexico/Mexico_City/index.md,2025-07-05,66,
planetary-restoration-archive,city-deployments/Mexico/Mérida/index.md,2025-07-05,61,
planetary-restoration-archive,city-deployments/Mexico/Puebla/index.md,2025-07-05,61,
planetary-restoration-archive,city-deployments/Mexico/Tijuana/index.md,2025-07-05,62,
planetary-restoration-archive,city-deployments/Mexico/Zapopan/index.md,2025-07-05,62,
planetary-restoration-archive,city-deployments/United States of America/Albuquerque/index.md,2025-07-05,69,
planetary-restoration-archive,city-deployments/United States of America/Anchorage/index.md,2025-07-05,64,
planetary-restoration-archive,city-deployments/United States of America/Arlington/index.md,2025-07-05,64,
planetary-restoration-archive,city-deployments/United States of America/Atlanta/index.md,2025-07-05,62,
planetary-restoration-archive,city-deployments/United States of America/Austin/index.md,2025-07-05,61,
planetary-restoration-archive,city-deployments/United States of America/Baltimore/index.md,2025-07-05,64,
planetary-restoration-archive,city-deployments/United States of America/Boise/index.md,2025-07-05,60,
planetary-restoration-archive,city-deployments/United States of America/Boston/index.md,2025-07-05,61,
planetary-restoration-archive,city-deployments/United States of America/Chicago/index.md,2025-07-05,62,
planetary-restoration-archive,city-deployments/United States of America/Colorado_Springs/index.md,2025-07-05,71,
planetary-restoration-archive,city-deployments/United States of America/Columbus/index.md,2025-07-05,63,
planetary-restoration-archive,city-deployments/United States of America/Dallas/index.md,2025-07-05,61,
planetary-restoration-archive,city-deployments/United States of America/Denver/index.md,2025-07-05,61,
planetary-restoration-archive,city-deployments/United States of America/Detroit/index.md,2025-07-05,62,
planetary-restoration-archive,city-deployments/United States of America/Fort_Worth/index.md,2025-07-05,65,
planetary-restoration-archive,city-deployments/United States of America/Fresno/index.md,2025-07-05,61,
planetary-restoration-archive,city-deployments/United States of America/Honolulu/index.md,2025-07-05,63,
planetary-restoration-archive,city-deployments/United States of America/Houston/index.md,2025-07-05,62,
planetary-restoration-archive,city-deployments/United States of America/Indianapolis/index.md,2025-07-05,67,
planetary-restoration-archive,city-deployments/United States of America/Jacksonville/index.md,2025-07-05,67,
planetary-restoration-archive,city-deployments/United States of America/Kansas_City/index.md,2025-07-05,66,
planetary-restoration-archive,city-deployments/United States of America/Las_Vegas/index.md,2025-07-05,64,
planetary-restoration-archive,city-deployments/United States of America/Los_Angeles/index.md,2025-07-05,66,
planetary-restoration-archive,city-deployments/United States of America/Louisville/index.md,2025-07-05,65,
planetary-restoration-archive,city-deployments/United States of America/Memphis/index.md,2025-07-05,62,
planetary-restoration-archive,city-deployments/United States of America/Miami/index.md,2025-07-05,60,
planetary-restoration-archive,city-deployments/United States of America/Milwaukee/index.md,2025-07-05,64,
planetary-restoration-archive,city-deployments/United States of America/Minneapolis/index.md,2025-07-05,66,
planetary-restoration-archive,city-deployments/United States of America/Mississauga/index.md,2025-07-05,66,
planetary-restoration-archive,city-deployments/United States of America/Monterrey/index.md,2025-07-05,64,
planetary-restoration-archive,city-deployments/United States of America/Nashville/index.md,2025-07-05,64,
planetary-restoration-archive,city-deployments/United States of America/New_Orleans/index.md,2025-07-05,66,
planetary-restoration-archive,city-deployments/United States of America/New_York_City/appendices.md,2025-07-05,3525,
planetary-restoration-archive,city-deployments/United States of America/New_York_City/city-scan.md,2025-07-05,2934,
planetary-restoration-archive,city-deployments/United States of America/New_York_City/deployment-plan.md,2025-07-05,3638,
planetary-restoration-archive,city-deployments/United States of America/New_York_City/forks.md,2025-07-05,3015,
planetary-restoration-archive,city-deployments/United States of America/New_York_City/funding-strategy.md,2025-07-05,4216,
planetary-restoration-archive,city-deployments/United States of America/New_York_City/global-replicability.md,2025-07-05,3786,
planetary-restoration-archive,city-deployments/United States of America/New_York_City/index.md,2025-07-05,68,
planetary-restoration-archive,city-deployments/United States of America/New_York_City/introduction.md,2025-07-05,2506,
planetary-restoration-archive,city-deployments/United States of America/New_York_City/mythos.md,2025-07-05,3833,
planetary-restoration-archive,city-deployments/United States of America/New_York_City/public-engagement.md,2025-07-05,3869,
planetary-restoration-archive,city-deployments/United States of America/New_York_City/regen-framework.md,2025-07-05,3890,
planetary-restoration-archive,city-deployments/United States of America/New_York_City/ritual-library.md,2025-07-05,3795,
planetary-restoration-archive,city-deployments/United States of America/New_York_City/roadmap.md,2025-07-05,3168,
planetary-restoration-archive,city-deployments/United States of America/New_York_City/sector-blueprints.md,2025-07-05,4521,
planetary-restoration-archive,city-deployments/United States of America/New_York_City/tech-stack.md,2025-07-05,4140,
planetary-restoration-archive,city-deployments/United States of America/Oklahoma_City/index.md,2025-07-05,68,
planetary-restoration-archive,city-deployments/United States of America/Omaha/index.md,2025-07-05,60,
planetary-restoration-archive,city-deployments/United States of America/Philadelphia/index.md,2025-07-05,67,
planetary-restoration-archive,city-deployments/United States of America/Phoenix/index.md,2025-07-05,62,
planetary-restoration-archive,city-deployments/United States of America/Portland/index.md,2025-07-05,63,
planetary-restoration-archive,city-deployments/United States of America/Raleigh/index.md,2025-07-05,62,
planetary-restoration-archive,city-deployments/United States of America/Sacramento/index.md,2025-07-05,65,
planetary-restoration-archive,city-deployments/United States of America/Salt_Lake_City/index.md,2025-07-05,69,
planetary-restoration-archive,city-deployments/United States of America/San_Antonio/index.md,2025-07-05,66,
planetary-restoration-archive,city-deployments/United States of America/San_Diego/index.md,2025-07-05,64,
planetary-restoration-archive,city-deployments/United States of America/San_Francisco/index.md,2025-07-05,68,
planetary-restoration-archive,city-deployments/United States of America/San_Jose/index.md,2025-07-05,63,
planetary-restoration-archive,city-deployments/United States of America/Seattle/index.md,2025-07-05,62,
planetary-restoration-archive,city-deployments/United States of America/Tampa/index.md,2025-07-05,60,
planetary-restoration-archive,city-deployments/United States of America/Tucson/index.md,2025-07-05,61,
planetary-restoration-archive,city-deployments/United States of America/Washington_DC/index.md,2025-07-05,68,
planetary-restoration-archive,city-deployments/United States of America/Wichita/index.md,2025-07-05,62,
planetary-restoration-archive,city-deployments/United States of America/california/deployment-plan.md,2025-07-05,65,
planetary-restoration-archive,city-deployments/china/beijing/blueprints.md,2025-07-05,1451,
planetary-restoration-archive,city-deployments/china/beijing/city-scan.md,2025-07-05,1105,
planetary-restoration-archive,city-deployments/china/beijing/deployment-plan.md,2025-07-05,1995,
planetary-restoration-archive,city-deployments/china/beijing/english/blueprints.md,2025-07-05,4051,
planetary-restoration-archive,city-deployments/china/beijing/english/city-scan.md,2025-07-05,2451,
planetary-restoration-archive,city-deployments/china/beijing/english/deployment-plan.md,2025-07-05,3540,
planetary-restoration-archive,city-deployments/china/beijing/english/final-manifesto.md,2025-07-05,2103,
planetary-restoration-archive,city-deployments/china/beijing/english/forks.md,2025-07-05,2480,
planetary-restoration-archive,city-deployments/china/beijing/english/forks2.md,2025-07-05,506,
planetary-restoration-archive,city-deployments/china/beijing/english/impact-metrics.md,2025-07-05,3273,
planetary-restoration-archive,city-deployments/china/beijing/english/introduction.md,2025-07-05,4067,
planetary-restoration-archive,city-deployments/china/beijing/english/orchestration-logic.md,2025-07-05,2985,
planetary-restoration-archive,city-deployments/china/beijing/english/regen-framework.md,2025-07-05,3800,
planetary-restoration-archive,city-deployments/china/beijing/english/tech-stack.md,2025-07-05,4005,
planetary-restoration-archive,city-deployments/china/beijing/final-manifesto.md,2025-07-05,814,
planetary-restoration-archive,city-deployments/china/beijing/forks.md,2025-07-05,1060,
planetary-restoration-archive,city-deployments/china/beijing/impact-metrics.md,2025-07-05,1191,
planetary-restoration-archive,city-deployments/china/beijing/introduction.md,2025-07-05,937,
planetary-restoration-archive,city-deployments/china/beijing/orchestration-logic.md,2025-07-05,1500,
planetary-restoration-archive,city-deployments/china/beijing/regen-framework.md,2025-07-05,1893,
planetary-restoration-archive,city-deployments/china/beijing/tech-stack.md,2025-07-05,1419,
planetary-restoration-archive,city-deployments/indonesia/jakarta/README.md,2025-07-05,35522,
planetary-restoration-archive,city-deployments/netherlands/amsterdam/appendices.md,2025-07-05,4096,
planetary-restoration-archive,city-deployments/netherlands/amsterdam/city-scan.md,2025-07-05,4639,
planetary-restoration-archive,city-deployments/netherlands/amsterdam/deployment-plan.md,2025-07-05,4380,
planetary-restoration-archive,city-deployments/netherlands/amsterdam/forks.md,2025-07-05,4145,
planetary-restoration-archive,city-deployments/netherlands/amsterdam/funding-strategy.md,2025-07-05,4639,
planetary-restoration-archive,city-deployments/netherlands/amsterdam/global-replicability.md,2025-07-05,3887,
planetary-restoration-archive,city-deployments/netherlands/amsterdam/introduction.md,2025-07-05,3065,
planetary-restoration-archive,city-deployments/netherlands/amsterdam/mythos.md,2025-07-05,3613,
planetary-restoration-archive,city-deployments/netherlands/amsterdam/public-engagement.md,2025-07-05,4065,
planetary-restoration-archive,city-deployments/netherlands/amsterdam/regen-framework.md,2025-07-05,3455,
planetary-restoration-archive,city-deployments/netherlands/amsterdam/rituals.md,2025-07-05,3884,
planetary-restoration-archive,city-deployments/netherlands/amsterdam/sector-blueprints.md,2025-07-05,4780,
planetary-restoration-archive,city-deployments/netherlands/amsterdam/tech-stack.md,2025-07-05,4332,
planetary-restoration-archive,ecosystem-healing/README.md,2025-07-05,82,
planetary-restoration-archive,fractal-fertilization-process/readme.md,2025-07-05,1576,
planetary-restoration-archive,innovations/atmospheric-aerial/SkySpiral_Lift_Dome/policy_legal/firezone_lift_permitting.md,2025-07-05,110,
planetary-restoration-archive,innovations/atmospheric-aerial/SkySpiral_Lift_Dome/software/spiral_dome_sim.py,2025-07-05,69,
planetary-restoration-archive,innovations/atmospheric-aerial/SkySpiral_Lift_Dome/system_summary.md,2025-07-05,82,
planetary-restoration-archive,innovations/atmospheric-aerial/aeroweave/mesh_controller.py,2025-07-05,1831,
planetary-restoration-archive,innovations/atmospheric-aerial/aeroweave/readme.md,2025-07-05,2458,
planetary-restoration-archive,innovations/atmospheric-aerial/atmospheric-filtration-drones/3d/readme.md,2025-07-05,1,
planetary-restoration-archive,innovations/atmospheric-aerial/atmospheric-filtration-drones/CODE_OF_CONDUCT.md,2025-07-05,1523,
planetary-restoration-archive,innovations/atmospheric-aerial/atmospheric-filtration-drones/SECURITY.md,2025-07-05,1637,
planetary-restoration-archive,innovations/atmospheric-aerial/atmospheric-filtration-drones/_electronics_battery-mount-v1.md,2025-07-05,589,
planetary-restoration-archive,innovations/atmospheric-aerial/atmospheric-filtration-drones/_electronics_gps-mount-v1.md,2025-07-05,592,
planetary-restoration-archive,innovations/atmospheric-aerial/atmospheric-filtration-drones/_electronics_imu-mount-v1.md,2025-07-05,627,
planetary-restoration-archive,innovations/atmospheric-aerial/atmospheric-filtration-drones/_electronics_mainboard-mount-v1.md,2025-07-05,594,
planetary-restoration-archive,innovations/atmospheric-aerial/atmospheric-filtration-drones/_electronics_sensor-clip-v1.md,2025-07-05,632,
planetary-restoration-archive,innovations/atmospheric-aerial/atmospheric-filtration-drones/_electronics_telemetry-mount-v1.md,2025-07-05,554,
planetary-restoration-archive,innovations/atmospheric-aerial/atmospheric-filtration-drones/_filter-cartridge_inline-duct-adapter-v1.md,2025-07-05,801,
planetary-restoration-archive,innovations/atmospheric-aerial/atmospheric-filtration-drones/_filter-cartridge_main-body-v1.md,2025-07-05,902,
planetary-restoration-archive,innovations/atmospheric-aerial/atmospheric-filtration-drones/_filter-cartridge_mesh-insert-v1.md,2025-07-05,879,
planetary-restoration-archive,innovations/atmospheric-aerial/atmospheric-filtration-drones/_filter-cartridge_sealing-gasket-ring-v1.md,2025-07-05,765,
planetary-restoration-archive,innovations/atmospheric-aerial/atmospheric-filtration-drones/_filter-cartridge_top-cap-v1.md,2025-07-05,800,
planetary-restoration-archive,innovations/atmospheric-aerial/atmospheric-filtration-drones/_filter-intake-funnel-v1.md,2025-07-05,555,
planetary-restoration-archive,innovations/atmospheric-aerial/atmospheric-filtration-drones/_filter-locking-ring-v1.md,2025-07-05,564,
planetary-restoration-archive,innovations/atmospheric-aerial/atmospheric-filtration-drones/_innovations_atmospheric-filtration-drones_ai-logic_brain-architecture-overview.md,2025-07-05,2954,
planetary-restoration-archive,innovations/atmospheric-aerial/atmospheric-filtration-drones/_innovations_atmospheric-filtration-drones_ai-logic_emergency-fallback-rules.md,2025-07-05,1989,
planetary-restoration-archive,innovations/atmospheric-aerial/atmospheric-filtration-drones/_innovations_atmospheric-filtration-drones_ai-logic_logic-core-init.py,2025-07-05,1718,
planetary-restoration-archive,innovations/atmospheric-aerial/atmospheric-filtration-drones/_innovations_atmospheric-filtration-drones_ai-logic_mission-adaptation-policy.md,2025-07-05,2456,
planetary-restoration-archive,innovations/atmospheric-aerial/atmospheric-filtration-drones/_innovations_atmospheric-filtration-drones_ai-logic_model-inference-loop.py,2025-07-05,1696,
planetary-restoration-archive,innovations/atmospheric-aerial/atmospheric-filtration-drones/_innovations_atmospheric-filtration-drones_ai-logic_sensor-fusion-engine.py,2025-07-05,1641,
planetary-restoration-archive,innovations/atmospheric-aerial/atmospheric-filtration-drones/_innovations_atmospheric-filtration-drones_ai-logic_task-scheduler.py,2025-07-05,1878,
planetary-restoration-archive,innovations/atmospheric-aerial/atmospheric-filtration-drones/_innovations_atmospheric-filtration-drones_recharge_field-charging-cover-v1.md,2025-07-05,1279,
planetary-restoration-archive,innovations/atmospheric-aerial/atmospheric-filtration-drones/_innovations_atmospheric-filtration-drones_recharge_solar-mppt-mount-v1.md,2025-07-05,1318,
planetary-restoration-archive,innovations/atmospheric-aerial/atmospheric-filtration-drones/_innovations_atmospheric-filtration-drones_recharge_universal-dock-plate-v1.md,2025-07-05,1423,
planetary-restoration-archive,innovations/atmospheric-aerial/atmospheric-filtration-drones/_innovations_atmospheric-filtration-drones_recharge_usb-c-power-interface-v1.md,2025-07-05,1280,
planetary-restoration-archive,innovations/atmospheric-aerial/atmospheric-filtration-drones/_innovations_atmospheric-filtration-drones_scripts_auto-update.py,2025-07-05,1665,
planetary-restoration-archive,innovations/atmospheric-aerial/atmospheric-filtration-drones/_innovations_atmospheric-filtration-drones_scripts_boot.py,2025-07-05,1334,
planetary-restoration-archive,innovations/atmospheric-aerial/atmospheric-filtration-drones/_innovations_atmospheric-filtration-drones_scripts_emergency-broadcast.py,2025-07-05,993,
planetary-restoration-archive,innovations/atmospheric-aerial/atmospheric-filtration-drones/_innovations_atmospheric-filtration-drones_scripts_failsafe-monitor.py,2025-07-05,1321,
planetary-restoration-archive,innovations/atmospheric-aerial/atmospheric-filtration-drones/_innovations_atmospheric-filtration-drones_scripts_log-telemetry.py,2025-07-05,1311,
planetary-restoration-archive,innovations/atmospheric-aerial/atmospheric-filtration-drones/_innovations_atmospheric-filtration-drones_scripts_main-loop.py,2025-07-05,1308,
planetary-restoration-archive,innovations/atmospheric-aerial/atmospheric-filtration-drones/_innovations_atmospheric-filtration-drones_swarm-control_ai-copilot-core-mount-v1.md,2025-07-05,1303,
planetary-restoration-archive,innovations/atmospheric-aerial/atmospheric-filtration-drones/_innovations_atmospheric-filtration-drones_swarm-control_antenna-mast-mount-v1.md,2025-07-05,1261,
planetary-restoration-archive,innovations/atmospheric-aerial/atmospheric-filtration-drones/_innovations_atmospheric-filtration-drones_swarm-control_diagnostic-port-mount-v1.md,2025-07-05,1338,
planetary-restoration-archive,innovations/atmospheric-aerial/atmospheric-filtration-drones/_innovations_atmospheric-filtration-drones_swarm-control_failsafe-reset-module-mount-v1.md,2025-07-05,1365,
planetary-restoration-archive,innovations/atmospheric-aerial/atmospheric-filtration-drones/_innovations_atmospheric-filtration-drones_swarm-control_primary-bus-mount-v1.md,2025-07-05,1261,
planetary-restoration-archive,innovations/atmospheric-aerial/atmospheric-filtration-drones/_innovations_atmospheric-filtration-drones_swarm-control_radio-shield-housing-v1.md,2025-07-05,1333,
planetary-restoration-archive,innovations/atmospheric-aerial/atmospheric-filtration-drones/_innovations_atmospheric-filtration-drones_swarm-control_signal-routing-conduit-v1.md,2025-07-05,1275,
planetary-restoration-archive,innovations/atmospheric-aerial/atmospheric-filtration-drones/_innovations_atmospheric-filtration-drones_swarm-control_swarm-cooling-fan-mount-v1.md,2025-07-05,1307,
planetary-restoration-archive,innovations/atmospheric-aerial/atmospheric-filtration-drones/_innovations_atmospheric-filtration-drones_swarm-control_swarm-distribution-hub-v1.md,2025-07-05,1249,
planetary-restoration-archive,innovations/atmospheric-aerial/atmospheric-filtration-drones/_innovations_atmospheric-filtration-drones_swarm-coordination_adaptive-formations.py,2025-07-05,1751,
planetary-restoration-archive,innovations/atmospheric-aerial/atmospheric-filtration-drones/_innovations_atmospheric-filtration-drones_swarm-coordination_behavior-sync.py,2025-07-05,1398,
planetary-restoration-archive,innovations/atmospheric-aerial/atmospheric-filtration-drones/_innovations_atmospheric-filtration-drones_swarm-coordination_group-comms.py,2025-07-05,1798,
planetary-restoration-archive,innovations/atmospheric-aerial/atmospheric-filtration-drones/_innovations_atmospheric-filtration-drones_swarm-coordination_leader-election.py,2025-07-05,1768,
planetary-restoration-archive,innovations/atmospheric-aerial/atmospheric-filtration-drones/_innovations_atmospheric-filtration-drones_swarm-coordination_protocol-spec.md,2025-07-05,2000,
planetary-restoration-archive,innovations/atmospheric-aerial/atmospheric-filtration-drones/_mounts_fan-duct-clip-v1.md,2025-07-05,716,
planetary-restoration-archive,innovations/atmospheric-aerial/atmospheric-filtration-drones/_mounts_filter-arm-clamp-v1.md,2025-07-05,555,
planetary-restoration-archive,innovations/atmospheric-aerial/atmospheric-filtration-drones/_mounts_housing-chassis-mount-v1.md,2025-07-05,597,
planetary-restoration-archive,innovations/atmospheric-aerial/atmospheric-filtration-drones/_mounts_payload-magnet-plate-v1.md,2025-07-05,695,
planetary-restoration-archive,innovations/atmospheric-aerial/atmospheric-filtration-drones/_mounts_power-distro-clip-v1.md,2025-07-05,660,
planetary-restoration-archive,innovations/atmospheric-aerial/atmospheric-filtration-drones/_mounts_sensor-bracket-v1.md,2025-07-05,671,
planetary-restoration-archive,innovations/atmospheric-aerial/atmospheric-filtration-drones/_note_recharge-fabrication-complete.md,2025-07-05,320,
planetary-restoration-archive,innovations/atmospheric-aerial/atmospheric-filtration-drones/_power_modular-battery-tray-v1.md,2025-07-05,750,
planetary-restoration-archive,innovations/atmospheric-aerial/atmospheric-filtration-drones/_power_solar-adapter-plate-v1.md,2025-07-05,785,
planetary-restoration-archive,innovations/atmospheric-aerial/atmospheric-filtration-drones/_power_swappable-battery-rail-v1.md,2025-07-05,788,
planetary-restoration-archive,innovations/atmospheric-aerial/atmospheric-filtration-drones/_power_usb-c-charge-dock-v1.md,2025-07-05,809,
planetary-restoration-archive,innovations/atmospheric-aerial/atmospheric-filtration-drones/_power_voltage-regulator-clip-v1.md,2025-07-05,733,
planetary-restoration-archive,innovations/atmospheric-aerial/atmospheric-filtration-drones/_power_xt60-socket-mount-v1.md,2025-07-05,763,
planetary-restoration-archive,innovations/atmospheric-aerial/atmospheric-filtration-drones/_recharge_xt60-dock-v1.md,2025-07-05,891,
planetary-restoration-archive,innovations/atmospheric-aerial/atmospheric-filtration-drones/_sensor-payload_air-quality-module-v1.md,2025-07-05,821,
planetary-restoration-archive,innovations/atmospheric-aerial/atmospheric-filtration-drones/_sensor-payload_climate-telemetry-pod-v1.md,2025-07-05,899,
planetary-restoration-archive,innovations/atmospheric-aerial/atmospheric-filtration-drones/_sensor-payload_extender-arm-v1.md,2025-07-05,801,
planetary-restoration-archive,innovations/atmospheric-aerial/atmospheric-filtration-drones/_sensor-payload_gas-sensor-pod-v1.md,2025-07-05,887,
planetary-restoration-archive,innovations/atmospheric-aerial/atmospheric-filtration-drones/ai-models/readme.md,2025-07-05,1,planetary-restoration-archive/innovations/atmospheric-aerial/atmospheric-filtration-drones/3d/readme.md
planetary-restoration-archive,innovations/atmospheric-aerial/atmospheric-filtration-drones/audio/readme.md,2025-07-05,1,planetary-restoration-archive/innovations/atmospheric-aerial/atmospheric-filtration-drones/3d/readme.md
planetary-restoration-archive,innovations/atmospheric-aerial/atmospheric-filtration-drones/blueprints/climate-modeling/readme.md,2025-07-05,1,planetary-restoration-archive/innovations/atmospheric-aerial/atmospheric-filtration-drones/3d/readme.md
planetary-restoration-archive,innovations/atmospheric-aerial/atmospheric-filtration-drones/blueprints/readme.md,2025-07-05,1,planetary-restoration-archive/innovations/atmospheric-aerial/atmospheric-filtration-drones/3d/readme.md
planetary-restoration-archive,innovations/atmospheric-aerial/atmospheric-filtration-drones/climate-modeling/readme.md,2025-07-05,1883,
planetary-restoration-archive,innovations/atmospheric-aerial/atmospheric-filtration-drones/dao-logic/readme.md,2025-07-05,1,planetary-restoration-archive/innovations/atmospheric-aerial/atmospheric-filtration-drones/3d/readme.md
planetary-restoration-archive,innovations/atmospheric-aerial/atmospheric-filtration-drones/deployment-ops/autonomous-routines-guide.md,2025-07-05,2132,
planetary-restoration-archive,innovations/atmospheric-aerial/atmospheric-filtration-drones/deployment-ops/manifest.md,2025-07-05,2011,
planetary-restoration-archive,innovations/atmospheric-aerial/atmospheric-filtration-drones/deployment-ops/readme.md,2025-07-05,2245,
planetary-restoration-archive,innovations/atmospheric-aerial/atmospheric-filtration-drones/deployment-ops/recharge-and-refill-cycles.md,2025-07-05,2666,
planetary-restoration-archive,innovations/atmospheric-aerial/atmospheric-filtration-drones/deployment-ops/swarm-deployment-checklist.md,2025-07-05,1868,
planetary-restoration-archive,innovations/atmospheric-aerial/atmospheric-filtration-drones/diagrams/readme.md,2025-07-05,1,planetary-restoration-archive/innovations/atmospheric-aerial/atmospheric-filtration-drones/3d/readme.md
planetary-restoration-archive,innovations/atmospheric-aerial/atmospheric-filtration-drones/examples/mission-profiles/readme.md,2025-07-05,708,
planetary-restoration-archive,innovations/atmospheric-aerial/atmospheric-filtration-drones/fabrication/_electronics_battery-mount-v1.md,2025-07-05,589,planetary-restoration-archive/innovations/atmospheric-aerial/atmospheric-filtration-drones/_electronics_battery-mount-v1.md
planetary-restoration-archive,innovations/atmospheric-aerial/atmospheric-filtration-drones/fabrication/_electronics_gps-mount-v1.md,2025-07-05,592,planetary-restoration-archive/innovations/atmospheric-aerial/atmospheric-filtration-drones/_electronics_gps-mount-v1.md
planetary-restoration-archive,innovations/atmospheric-aerial/atmospheric-filtration-drones/fabrication/_electronics_imu-mount-v1.md,2025-07-05,627,planetary-restoration-archive/innovations/atmospheric-aerial/atmospheric-filtration-drones/_electronics_imu-mount-v1.md
planetary-restoration-archive,innovations/atmospheric-aerial/atmospheric-filtration-drones/fabrication/_electronics_mainboard-mount-v1 (1).md,2025-07-05,594,planetary-restoration-archive/innovations/atmospheric-aerial/atmospheric-filtration-drones/_electronics_mainboard-mount-v1.md
planetary-restoration-archive,innovations/atmospheric-aerial/atmospheric-filtration-drones/fabrication/_electronics_sensor-clip-v1.md,2025-07-05,632,planetary-restoration-archive/innovations/atmospheric-aerial/atmospheric-filtration-drones/_electronics_sensor-clip-v1.md
planetary-restoration-archive,innovations/atmospheric-aerial/atmospheric-filtration-drones/fabrication/_electronics_telemetry-mount-v1.md,2025-07-05,554,planetary-restoration-archive/innovations/atmospheric-aerial/atmospheric-filtration-drones/_electronics_telemetry-mount-v1.md
planetary-restoration-archive,innovations/atmospheric-aerial/atmospheric-filtration-drones/fabrication/_filter-cartridge_inline-duct-adapter-v1.md,2025-07-05,801,planetary-restoration-archive/innovations/atmospheric-aerial/atmospheric-filtration-drones/_filter-cartridge_inline-duct-adapter-v1.md
planetary-restoration-archive,innovations/atmospheric-aerial/atmospheric-filtration-drones/fabrication/_filter-cartridge_main-body-v1.md,2025-07-05,902,planetary-restoration-archive/innovations/atmospheric-aerial/atmospheric-filtration-drones/_filter-cartridge_main-body-v1.md
planetary-restoration-archive,innovations/atmospheric-aerial/atmospheric-filtration-drones/fabrication/_filter-cartridge_mesh-insert-v1.md,2025-07-05,879,planetary-restoration-archive/innovations/atmospheric-aerial/atmospheric-filtration-drones/_filter-cartridge_mesh-insert-v1.md
planetary-restoration-archive,innovations/atmospheric-aerial/atmospheric-filtration-drones/fabrication/_filter-cartridge_sealing-gasket-ring-v1.md,2025-07-05,765,planetary-restoration-archive/innovations/atmospheric-aerial/atmospheric-filtration-drones/_filter-cartridge_sealing-gasket-ring-v1.md
planetary-restoration-archive,innovations/atmospheric-aerial/atmospheric-filtration-drones/fabrication/_filter-cartridge_top-cap-v1.md,2025-07-05,800,planetary-restoration-archive/innovations/atmospheric-aerial/atmospheric-filtration-drones/_filter-cartridge_top-cap-v1.md
planetary-restoration-archive,innovations/atmospheric-aerial/atmospheric-filtration-drones/fabrication/_filter-core-insert-v1.md,2025-07-05,659,
planetary-restoration-archive,innovations/atmospheric-aerial/atmospheric-filtration-drones/fabrication/_filter-intake-funnel-v1.md,2025-07-05,555,planetary-restoration-archive/innovations/atmospheric-aerial/atmospheric-filtration-drones/_filter-intake-funnel-v1.md
planetary-restoration-archive,innovations/atmospheric-aerial/atmospheric-filtration-drones/fabrication/_filter-locking-ring-v1.md,2025-07-05,564,planetary-restoration-archive/innovations/atmospheric-aerial/atmospheric-filtration-drones/_filter-locking-ring-v1.md
planetary-restoration-archive,innovations/atmospheric-aerial/atmospheric-filtration-drones/fabrication/_innovations_atmospheric-filtration-drones_recharge_field-charging-cover-v1.md,2025-07-05,1279,planetary-restoration-archive/innovations/atmospheric-aerial/atmospheric-filtration-drones/_innovations_atmospheric-filtration-drones_recharge_field-charging-cover-v1.md
planetary-restoration-archive,innovations/atmospheric-aerial/atmospheric-filtration-drones/fabrication/_innovations_atmospheric-filtration-drones_recharge_solar-mppt-mount-v1.md,2025-07-05,1318,planetary-restoration-archive/innovations/atmospheric-aerial/atmospheric-filtration-drones/_innovations_atmospheric-filtration-drones_recharge_solar-mppt-mount-v1.md
planetary-restoration-archive,innovations/atmospheric-aerial/atmospheric-filtration-drones/fabrication/_innovations_atmospheric-filtration-drones_recharge_universal-dock-plate-v1.md,2025-07-05,1423,planetary-restoration-archive/innovations/atmospheric-aerial/atmospheric-filtration-drones/_innovations_atmospheric-filtration-drones_recharge_universal-dock-plate-v1.md
planetary-restoration-archive,innovations/atmospheric-aerial/atmospheric-filtration-drones/fabrication/_innovations_atmospheric-filtration-drones_recharge_usb-c-power-interface-v1.md,2025-07-05,1280,planetary-restoration-archive/innovations/atmospheric-aerial/atmospheric-filtration-drones/_innovations_atmospheric-filtration-drones_recharge_usb-c-power-interface-v1.md
planetary-restoration-archive,innovations/atmospheric-aerial/atmospheric-filtration-drones/fabrication/_innovations_atmospheric-filtration-drones_swarm-control_ai-copilot-core-mount-v1.md,2025-07-05,1303,planetary-restoration-archive/innovations/atmospheric-aerial/atmospheric-filtration-drones/_innovations_atmospheric-filtration-drones_swarm-control_ai-copilot-core-mount-v1.md
planetary-restoration-archive,innovations/atmospheric-aerial/atmospheric-filtration-drones/fabrication/_innovations_atmospheric-filtration-drones_swarm-control_antenna-mast-mount-v1.md,2025-07-05,1261,planetary-restoration-archive/innovations/atmospheric-aerial/atmospheric-filtration-drones/_innovations_atmospheric-filtration-drones_swarm-control_antenna-mast-mount-v1.md
planetary-restoration-archive,innovations/atmospheric-aerial/atmospheric-filtration-drones/fabrication/_innovations_atmospheric-filtration-drones_swarm-control_diagnostic-port-mount-v1.md,2025-07-05,1338,planetary-restoration-archive/innovations/atmospheric-aerial/atmospheric-filtration-drones/_innovations_atmospheric-filtration-drones_swarm-control_diagnostic-port-mount-v1.md
planetary-restoration-archive,innovations/atmospheric-aerial/atmospheric-filtration-drones/fabrication/_innovations_atmospheric-filtration-drones_swarm-control_failsafe-reset-module-mount-v1.md,2025-07-05,1365,planetary-restoration-archive/innovations/atmospheric-aerial/atmospheric-filtration-drones/_innovations_atmospheric-filtration-drones_swarm-control_failsafe-reset-module-mount-v1.md
planetary-restoration-archive,innovations/atmospheric-aerial/atmospheric-filtration-drones/fabrication/_innovations_atmospheric-filtration-drones_swarm-control_primary-bus-mount-v1.md,2025-07-05,1261,planetary-restoration-archive/innovations/atmospheric-aerial/atmospheric-filtration-drones/_innovations_atmospheric-filtration-drones_swarm-control_primary-bus-mount-v1.md
planetary-restoration-archive,innovations/atmospheric-aerial/atmospheric-filtration-drones/fabrication/_innovations_atmospheric-filtration-drones_swarm-control_radio-shield-housing-v1.md,2025-07-05,1333,planetary-restoration-archive/innovations/atmospheric-aerial/atmospheric-filtration-drones/_innovations_atmospheric-filtration-drones_swarm-control_radio-shield-housing-v1.md
planetary-restoration-archive,innovations/atmospheric-aerial/atmospheric-filtration-drones/fabrication/_innovations_atmospheric-filtration-drones_swarm-control_signal-routing-conduit-v1.md,2025-07-05,1275,planetary-restoration-archive/innovations/atmospheric-aerial/atmospheric-filtration-drones/_innovations_atmospheric-filtration-drones_swarm-control_signal-routing-conduit-v1.md
planetary-restoration-archive,innovations/atmospheric-aerial/atmospheric-filtration-drones/fabrication/_innovations_atmospheric-filtration-drones_swarm-control_swarm-cooling-fan-mount-v1.md,2025-07-05,1307,planetary-restoration-archive/innovations/atmospheric-aerial/atmospheric-filtration-drones/_innovations_atmospheric-filtration-drones_swarm-control_swarm-cooling-fan-mount-v1.md
planetary-restoration-archive,innovations/atmospheric-aerial/atmospheric-filtration-drones/fabrication/_innovations_atmospheric-filtration-drones_swarm-control_swarm-distribution-hub-v1.md,2025-07-05,1249,planetary-restoration-archive/innovations/atmospheric-aerial/atmospheric-filtration-drones/_innovations_atmospheric-filtration-drones_swarm-control_swarm-distribution-hub-v1.md
planetary-restoration-archive,innovations/atmospheric-aerial/atmospheric-filtration-drones/fabrication/_mounts_fan-duct-clip-v1.md,2025-07-05,716,planetary-restoration-archive/innovations/atmospheric-aerial/atmospheric-filtration-drones/_mounts_fan-duct-clip-v1.md
planetary-restoration-archive,innovations/atmospheric-aerial/atmospheric-filtration-drones/fabrication/_mounts_filter-arm-clamp-v1.md,2025-07-05,555,planetary-restoration-archive/innovations/atmospheric-aerial/atmospheric-filtration-drones/_mounts_filter-arm-clamp-v1.md
planetary-restoration-archive,innovations/atmospheric-aerial/atmospheric-filtration-drones/fabrication/_mounts_payload-magnet-plate-v1.md,2025-07-05,695,planetary-restoration-archive/innovations/atmospheric-aerial/atmospheric-filtration-drones/_mounts_payload-magnet-plate-v1.md
planetary-restoration-archive,innovations/atmospheric-aerial/atmospheric-filtration-drones/fabrication/_mounts_power-distro-clip-v1.md,2025-07-05,660,planetary-restoration-archive/innovations/atmospheric-aerial/atmospheric-filtration-drones/_mounts_power-distro-clip-v1.md
planetary-restoration-archive,innovations/atmospheric-aerial/atmospheric-filtration-drones/fabrication/_mounts_sensor-bracket-v1.md,2025-07-05,671,planetary-restoration-archive/innovations/atmospheric-aerial/atmospheric-filtration-drones/_mounts_sensor-bracket-v1.md
planetary-restoration-archive,innovations/atmospheric-aerial/atmospheric-filtration-drones/fabrication/_note_recharge-fabrication-complete.md,2025-07-05,320,planetary-restoration-archive/innovations/atmospheric-aerial/atmospheric-filtration-drones/_note_recharge-fabrication-complete.md
planetary-restoration-archive,innovations/atmospheric-aerial/atmospheric-filtration-drones/fabrication/_power_modular-battery-tray-v1.md,2025-07-05,750,planetary-restoration-archive/innovations/atmospheric-aerial/atmospheric-filtration-drones/_power_modular-battery-tray-v1.md
planetary-restoration-archive,innovations/atmospheric-aerial/atmospheric-filtration-drones/fabrication/_power_solar-adapter-plate-v1.md,2025-07-05,785,planetary-restoration-archive/innovations/atmospheric-aerial/atmospheric-filtration-drones/_power_solar-adapter-plate-v1.md
planetary-restoration-archive,innovations/atmospheric-aerial/atmospheric-filtration-drones/fabrication/_power_swappable-battery-rail-v1.md,2025-07-05,788,planetary-restoration-archive/innovations/atmospheric-aerial/atmospheric-filtration-drones/_power_swappable-battery-rail-v1.md
planetary-restoration-archive,innovations/atmospheric-aerial/atmospheric-filtration-drones/fabrication/_power_usb-c-charge-dock-v1.md,2025-07-05,809,planetary-restoration-archive/innovations/atmospheric-aerial/atmospheric-filtration-drones/_power_usb-c-charge-dock-v1.md
planetary-restoration-archive,innovations/atmospheric-aerial/atmospheric-filtration-drones/fabrication/_power_voltage-regulator-clip-v1.md,2025-07-05,733,planetary-restoration-archive/innovations/atmospheric-aerial/atmospheric-filtration-drones/_power_voltage-regulator-clip-v1.md
planetary-restoration-archive,innovations/atmospheric-aerial/atmospheric-filtration-drones/fabrication/_power_xt60-socket-mount-v1.md,2025-07-05,763,planetary-restoration-archive/innovations/atmospheric-aerial/atmospheric-filtration-drones/_power_xt60-socket-mount-v1.md
planetary-restoration-archive,innovations/atmospheric-aerial/atmospheric-filtration-drones/fabrication/_recharge_xt60-dock-v1.md,2025-07-05,891,planetary-restoration-archive/innovations/atmospheric-aerial/atmospheric-filtration-drones/_recharge_xt60-dock-v1.md
planetary-restoration-archive,innovations/atmospheric-aerial/atmospheric-filtration-drones/fabrication/_sensor-payload_air-quality-module-v1.md,2025-07-05,821,planetary-restoration-archive/innovations/atmospheric-aerial/atmospheric-filtration-drones/_sensor-payload_air-quality-module-v1.md
planetary-restoration-archive,innovations/atmospheric-aerial/atmospheric-filtration-drones/fabrication/_sensor-payload_climate-telemetry-pod-v1.md,2025-07-05,899,planetary-restoration-archive/innovations/atmospheric-aerial/atmospheric-filtration-drones/_sensor-payload_climate-telemetry-pod-v1.md
planetary-restoration-archive,innovations/atmospheric-aerial/atmospheric-filtration-drones/fabrication/_sensor-payload_extender-arm-v1.md,2025-07-05,801,planetary-restoration-archive/innovations/atmospheric-aerial/atmospheric-filtration-drones/_sensor-payload_extender-arm-v1.md
planetary-restoration-archive,innovations/atmospheric-aerial/atmospheric-filtration-drones/fabrication/_sensor-payload_gas-sensor-pod-v1.md,2025-07-05,887,planetary-restoration-archive/innovations/atmospheric-aerial/atmospheric-filtration-drones/_sensor-payload_gas-sensor-pod-v1.md
planetary-restoration-archive,innovations/atmospheric-aerial/atmospheric-filtration-drones/fabrication/readme.md,2025-07-05,1,planetary-restoration-archive/innovations/atmospheric-aerial/atmospheric-filtration-drones/3d/readme.md
planetary-restoration-archive,innovations/atmospheric-aerial/atmospheric-filtration-drones/ipfs-metadata/readme.md,2025-07-05,1,planetary-restoration-archive/innovations/atmospheric-aerial/atmospheric-filtration-drones/3d/readme.md
planetary-restoration-archive,innovations/atmospheric-aerial/atmospheric-filtration-drones/media/readme.md,2025-07-05,1,planetary-restoration-archive/innovations/atmospheric-aerial/atmospheric-filtration-drones/3d/readme.md
planetary-restoration-archive,innovations/atmospheric-aerial/atmospheric-filtration-drones/presentation/readme.md,2025-07-05,1,planetary-restoration-archive/innovations/atmospheric-aerial/atmospheric-filtration-drones/3d/readme.md
planetary-restoration-archive,innovations/atmospheric-aerial/atmospheric-filtration-drones/projections/cost-filtration-efficiency-table.md,2025-07-05,2921,
planetary-restoration-archive,innovations/atmospheric-aerial/atmospheric-filtration-drones/projections/filter-type-performance.md,2025-07-05,335,
planetary-restoration-archive,innovations/atmospheric-aerial/atmospheric-filtration-drones/projections/simulation-outliers.md,2025-07-05,1606,
planetary-restoration-archive,innovations/atmospheric-aerial/atmospheric-filtration-drones/readme.md,2025-07-05,5867,
planetary-restoration-archive,innovations/atmospheric-aerial/atmospheric-filtration-drones/safety-checks/readme.md,2025-07-05,1,planetary-restoration-archive/innovations/atmospheric-aerial/atmospheric-filtration-drones/3d/readme.md
planetary-restoration-archive,innovations/atmospheric-aerial/atmospheric-filtration-drones/scripts/readme.md,2025-07-05,1,planetary-restoration-archive/innovations/atmospheric-aerial/atmospheric-filtration-drones/3d/readme.md
planetary-restoration-archive,innovations/atmospheric-aerial/atmospheric-filtration-drones/sketches/readme.md,2025-07-05,1,planetary-restoration-archive/innovations/atmospheric-aerial/atmospheric-filtration-drones/3d/readme.md
planetary-restoration-archive,innovations/atmospheric-aerial/atmospheric-filtration-drones/supporting-docs/readme.md,2025-07-05,1,planetary-restoration-archive/innovations/atmospheric-aerial/atmospheric-filtration-drones/3d/readme.md
planetary-restoration-archive,innovations/atmospheric-aerial/atmospheric-filtration-drones/swarm-controller.py,2025-07-05,1882,
planetary-restoration-archive,innovations/atmospheric-aerial/atmospheric-filtration-drones/termux-offline/readme.md,2025-07-05,1,planetary-restoration-archive/innovations/atmospheric-aerial/atmospheric-filtration-drones/3d/readme.md
planetary-restoration-archive,innovations/atmospheric-aerial/atmospheric-filtration-drones/testing/readme.md,2025-07-05,1,planetary-restoration-archive/innovations/atmospheric-aerial/atmospheric-filtration-drones/3d/readme.md
planetary-restoration-archive,innovations/atmospheric-aerial/atmospheric-filtration-drones/torrent-metadata/readme.md,2025-07-05,1,planetary-restoration-archive/innovations/atmospheric-aerial/atmospheric-filtration-drones/3d/readme.md
planetary-restoration-archive,innovations/atmospheric-aerial/atmospheric-filtration-drones/video/readme.md,2025-07-05,1,planetary-restoration-archive/innovations/atmospheric-aerial/atmospheric-filtration-drones/3d/readme.md
planetary-restoration-archive,innovations/atmospheric-aerial/atmospheric-mycelial-towers/readme.md,2025-07-05,5713,
planetary-restoration-archive,innovations/atmospheric-aerial/readme.md,2025-07-05,2738,
planetary-restoration-archive,innovations/biosphere-climate/aqualens/README.md,2025-07-05,169,
planetary-restoration-archive,innovations/biosphere-climate/aqualens/policy_legal/legal.md,2025-07-05,147,
planetary-restoration-archive,innovations/biosphere-climate/aqualens/software/contaminant_scanner.py,2025-07-05,48,
planetary-restoration-archive,innovations/biosphere-climate/aqualens/system_summary.md,2025-07-05,201,
planetary-restoration-archive,innovations/biosphere-climate/bioburstdrum/README.md,2025-07-05,196,
planetary-restoration-archive,innovations/biosphere-climate/bioburstdrum/policy_legal/legal.md,2025-07-05,157,
planetary-restoration-archive,innovations/biosphere-climate/bioburstdrum/software/drum_firing_controller.py,2025-07-05,56,
planetary-restoration-archive,innovations/biosphere-climate/bioburstdrum/system_summary.md,2025-07-05,331,
planetary-restoration-archive,innovations/biosphere-climate/biolume/README.md,2025-07-05,147,
planetary-restoration-archive,innovations/biosphere-climate/biolume/policy_legal/legal.md,2025-07-05,128,
planetary-restoration-archive,innovations/biosphere-climate/biolume/software/sync_agent.py,2025-07-05,51,
planetary-restoration-archive,innovations/biosphere-climate/biolume/system_summary.md,2025-07-05,274,
planetary-restoration-archive,innovations/biosphere-climate/biospheric-cascade-engine/blueprints/01-sediment-shepherd/readme.md,2025-07-05,1,planetary-restoration-archive/innovations/atmospheric-aerial/atmospheric-filtration-drones/3d/readme.md
planetary-restoration-archive,innovations/biosphere-climate/biospheric-cascade-engine/blueprints/blueprint-2-tide-driven-irrigation-for-mangrove-restoration.md,2025-07-05,4238,
planetary-restoration-archive,innovations/biosphere-climate/biospheric-cascade-engine/blueprints/blueprint-module-1.md,2025-07-05,4201,
planetary-restoration-archive,innovations/biosphere-climate/biospheric-cascade-engine/currentcourier/readme.md,2025-07-05,3692,
planetary-restoration-archive,innovations/biosphere-climate/biospheric-cascade-engine/floodharvest/readme.md,2025-07-05,4284,
planetary-restoration-archive,innovations/biosphere-climate/biospheric-cascade-engine/gravpulse/readme.md,2025-07-05,4287,
planetary-restoration-archive,innovations/biosphere-climate/biospheric-cascade-engine/index.md,2025-07-05,1710,
planetary-restoration-archive,innovations/biosphere-climate/biospheric-cascade-engine/readme.md,2025-07-05,4896,
planetary-restoration-archive,innovations/biosphere-climate/biospheric-cascade-engine/sediment-shepherd/readme.md,2025-07-05,3979,
planetary-restoration-archive,innovations/biosphere-climate/biospheric-cascade-engine/shared/glossary.md,2025-07-05,672,
planetary-restoration-archive,innovations/biosphere-climate/biospheric-cascade-engine/shared/references.md,2025-07-05,827,
planetary-restoration-archive,innovations/biosphere-climate/biospheric-cascade-engine/thermospiral/readme.md,2025-07-05,4156,
planetary-restoration-archive,innovations/biosphere-climate/biospheric-cascade-engine/tidal-pulse/readme.md,2025-07-05,4021,
planetary-restoration-archive,innovations/biosphere-climate/biospheric-cascade-engine/vortexroot/readme.md,2025-07-05,4377,
planetary-restoration-archive,innovations/biosphere-climate/biospheric-cascade-engine/waveforge/readme.md,2025-07-05,3642,
planetary-restoration-archive,innovations/biotic-infrastructure/algal-biolattice-panels/readme.md,2025-07-05,6208,
planetary-restoration-archive,innovations/bioweave/README_BioWeave.md,2025-07-05,2467,
planetary-restoration-archive,innovations/bioweave/bio_growth_controller.py,2025-07-05,1719,
planetary-restoration-archive,innovations/bioweave/how_to_synthesize.txt,2025-07-05,2373,
planetary-restoration-archive,innovations/bioweave/system_summary.md,2025-07-05,1719,
planetary-restoration-archive,innovations/decentralized-file-reconstructor/agent_orchestrator.py,2025-07-05,1,planetary-restoration-archive/innovations/atmospheric-aerial/atmospheric-filtration-drones/3d/readme.md
planetary-restoration-archive,innovations/decentralized-file-reconstructor/ai_models/clip_wrapper.py,2025-07-05,1171,
planetary-restoration-archive,innovations/decentralized-file-reconstructor/ai_models/stablediffusion_wrapper.py,2025-07-05,1178,
planetary-restoration-archive,innovations/decentralized-file-reconstructor/ai_models/t5_fallback.py,2025-07-05,1122,
planetary-restoration-archive,innovations/decentralized-file-reconstructor/ai_models/vicuna_wrapper.py,2025-07-05,1181,
planetary-restoration-archive,innovations/decentralized-file-reconstructor/config/system_config.py,2025-07-05,877,
planetary-restoration-archive,innovations/decentralized-file-reconstructor/docs/ram_bypass_whitepaper.md,2025-07-05,3666,
planetary-restoration-archive,innovations/decentralized-file-reconstructor/readme.md,2025-07-05,2769,
planetary-restoration-archive,innovations/decentralized-file-reconstructor/reconstructor.py,2025-07-05,3360,
planetary-restoration-archive,innovations/decentralized-file-reconstructor/system_summary.md,2025-07-05,4098,
planetary-restoration-archive,innovations/decentralized-file-reconstructor/utils/chunk_utils.py,2025-07-05,627,
planetary-restoration-archive,innovations/decentralized-file-reconstructor/utils/ipfs_client.py,2025-07-05,1256,
planetary-restoration-archive,innovations/decentralized-file-reconstructor/utils/output_writer.py,2025-07-05,1472,
planetary-restoration-archive,innovations/eco-sim-grid/readme.md,2025-07-05,4497,
planetary-restoration-archive,innovations/fire-recovery-resilience/cryoseedhalo/README.md,2025-07-05,184,
planetary-restoration-archive,innovations/fire-recovery-resilience/cryoseedhalo/policy_legal/legal.md,2025-07-05,172,
planetary-restoration-archive,innovations/fire-recovery-resilience/cryoseedhalo/software/release_sequence_controller.py,2025-07-05,63,
planetary-restoration-archive,innovations/fire-recovery-resilience/cryoseedhalo/system_summary.md,2025-07-05,342,
planetary-restoration-archive,innovations/fire-recovery-resilience/embernet/README.md,2025-07-05,170,
planetary-restoration-archive,innovations/fire-recovery-resilience/embernet/policy_legal/legal.md,2025-07-05,152,
planetary-restoration-archive,innovations/fire-recovery-resilience/embernet/software/thermal_net_trigger.py,2025-07-05,74,
planetary-restoration-archive,innovations/fire-recovery-resilience/embernet/system_summary.md,2025-07-05,322,
planetary-restoration-archive,innovations/fire-recovery-resilience/emberroot/README.md,2025-07-05,163,
planetary-restoration-archive,innovations/fire-recovery-resilience/emberroot/policy_legal/legal.md,2025-07-05,143,
planetary-restoration-archive,innovations/fire-recovery-resilience/emberroot/software/subsoil_monitor.py,2025-07-05,94,
planetary-restoration-archive,innovations/fire-recovery-resilience/emberroot/system_summary.md,2025-07-05,213,
planetary-restoration-archive,innovations/fire-recovery-resilience/firenest/README.md,2025-07-05,204,
planetary-restoration-archive,innovations/fire-recovery-resilience/firenest/policy_legal/legal.md,2025-07-05,152,
planetary-restoration-archive,innovations/fire-recovery-resilience/firenest/software/thermal_alert_system.py,2025-07-05,49,
planetary-restoration-archive,innovations/fire-recovery-resilience/firenest/system_summary.md,2025-07-05,277,
planetary-restoration-archive,innovations/fire-recovery-resilience/fog-harvester-veil/readme.md,2025-07-05,5818,
planetary-restoration-archive,innovations/index.md,2025-07-05,8624,
planetary-restoration-archive,innovations/intergenerational/HeroLens/contributing.md,2025-07-05,3157,
planetary-restoration-archive,innovations/intergenerational/HeroLens/legal/LEGAL_OPINIONS_ARCHIVE.md,2025-07-05,1249,
planetary-restoration-archive,innovations/intergenerational/HeroLens/readme.md,2025-07-05,5770,
planetary-restoration-archive,innovations/intergenerational/lego-4-life/readme.md,2025-07-05,4938,
planetary-restoration-archive,innovations/intergenerational/rootweaver/README.md,2025-07-05,151,
planetary-restoration-archive,innovations/intergenerational/rootweaver/policy_legal/legal.md,2025-07-05,142,
planetary-restoration-archive,innovations/intergenerational/rootweaver/software/growth_monitor.py,2025-07-05,67,
planetary-restoration-archive,innovations/intergenerational/rootweaver/system_summary.md,2025-07-05,189,
planetary-restoration-archive,innovations/reforestation-aggro/eco-sim/readme.md,2025-07-05,1,planetary-restoration-archive/innovations/atmospheric-aerial/atmospheric-filtration-drones/3d/readme.md
planetary-restoration-archive,innovations/reforestation-aggro/modular-rainfed-agroforestry-pods/readme.md,2025-07-05,5825,
planetary-restoration-archive,innovations/regenerative-economics/001-atmospheric-carbon-weaver/README.md,2025-07-05,355,
planetary-restoration-archive,innovations/regenerative-economics/002-bioeconomic-arbitrage-mesh/README.md,2025-07-05,225,
planetary-restoration-archive,innovations/regenerative-economics/002-bioeconomic-arbitrage-mesh/arb-router.py,2025-07-05,83,
planetary-restoration-archive,innovations/regenerative-economics/002-bioeconomic-arbitrage-mesh/arbitrage-monitor.py,2025-07-05,103,
planetary-restoration-archive,innovations/regenerative-economics/003-tokenized-terra-loops/README.md,2025-07-05,230,
planetary-restoration-archive,innovations/regenerative-economics/004-debt-to-soil-engine/README.md,2025-07-05,228,
planetary-restoration-archive,innovations/regenerative-economics/004-debt-to-soil-engine/convert-debt-dao.py,2025-07-05,96,
planetary-restoration-archive,innovations/regenerative-economics/004-debt-to-soil-engine/convert-debt.py,2025-07-05,76,
planetary-restoration-archive,innovations/regenerative-economics/005-circular-carbon-credit-oracle/README.md,2025-07-05,240,
planetary-restoration-archive,innovations/regenerative-economics/006-multispecies-dividend-distributor/README.md,2025-07-05,242,
planetary-restoration-archive,innovations/regenerative-economics/006-multispecies-dividend-distributor/distribute-dividends.py,2025-07-05,90,
planetary-restoration-archive,innovations/regenerative-economics/006-multispecies-dividend-distributor/distribute-rewards.py,2025-07-05,110,
planetary-restoration-archive,innovations/regenerative-economics/README.md,2025-07-05,33,
planetary-restoration-archive,innovations/regenerative-economics/innovation-007/README.md,2025-07-05,96,
planetary-restoration-archive,innovations/regenerative-economics/innovation-008/README.md,2025-07-05,96,
planetary-restoration-archive,innovations/regenerative-economics/innovation-009/README.md,2025-07-05,96,
planetary-restoration-archive,innovations/regenerative-economics/innovation-010/README.md,2025-07-05,96,
planetary-restoration-archive,innovations/regenerative-economics/innovation-011/README.md,2025-07-05,96,
planetary-restoration-archive,innovations/regenerative-economics/innovation-012/README.md,2025-07-05,96,
planetary-restoration-archive,innovations/regenerative-economics/innovation-013/README.md,2025-07-05,96,
planetary-restoration-archive,innovations/regenerative-economics/innovation-014/README.md,2025-07-05,96,
planetary-restoration-archive,innovations/regenerative-economics/innovation-015/README.md,2025-07-05,96,
planetary-restoration-archive,innovations/regenerative-economics/innovation-016/README.md,2025-07-05,96,
planetary-restoration-archive,innovations/regenerative-economics/innovation-017/README.md,2025-07-05,96,
planetary-restoration-archive,innovations/regenerative-economics/innovation-018/README.md,2025-07-05,96,
planetary-restoration-archive,innovations/regenerative-economics/innovation-019/README.md,2025-07-05,96,
planetary-restoration-archive,innovations/regenerative-economics/innovation-020/README.md,2025-07-05,96,
planetary-restoration-archive,innovations/regenerative-economics/innovation-021/README.md,2025-07-05,96,
planetary-restoration-archive,innovations/regenerative-economics/innovation-022/README.md,2025-07-05,96,
planetary-restoration-archive,innovations/regenerative-economics/innovation-023/README.md,2025-07-05,96,
planetary-restoration-archive,innovations/regenerative-economics/innovation-024/README.md,2025-07-05,96,
planetary-restoration-archive,innovations/regenerative-economics/innovation-025/README.md,2025-07-05,96,
planetary-restoration-archive,innovations/regenerative-economics/innovation-028-deployment-guide.md,2025-07-05,58,
planetary-restoration-archive,innovations/special-projects/closed-loop-catalytic-respirator/readme.md,2025-07-05,4106,
planetary-restoration-archive,innovations/special-projects/pyrorootcapsule/README.md,2025-07-05,130,
planetary-restoration-archive,innovations/special-projects/pyrorootcapsule/policy_legal/legal.md,2025-07-05,153,
planetary-restoration-archive,innovations/special-projects/pyrorootcapsule/software/trigger_logic.py,2025-07-05,157,
planetary-restoration-archive,innovations/special-projects/pyrorootcapsule/system_summary.md,2025-07-05,400,
planetary-restoration-archive,innovations/terrasage/README.md,2025-07-05,186,
planetary-restoration-archive,innovations/terrasage/policy_legal/legal.md,2025-07-05,185,
planetary-restoration-archive,innovations/terrasage/software/biosignal_analysis_agent.py,2025-07-05,67,
planetary-restoration-archive,innovations/terrasage/system_summary.md,2025-07-05,357,
planetary-restoration-archive,innovations/verdantvault/README.md,2025-07-05,192,
planetary-restoration-archive,innovations/verdantvault/policy_legal/legal.md,2025-07-05,188,
planetary-restoration-archive,innovations/verdantvault/software/vault_sync_agent.py,2025-07-05,83,
planetary-restoration-archive,innovations/verdantvault/system_summary.md,2025-07-05,395,
planetary-restoration-archive,innovations/virabloom/README.md,2025-07-05,203,
planetary-restoration-archive,innovations/virabloom/policy_legal/legal.md,2025-07-05,192,
planetary-restoration-archive,innovations/virabloom/software/pod_coordination_agent.py,2025-07-05,67,
planetary-restoration-archive,innovations/virabloom/system_summary.md,2025-07-05,388,
planetary-restoration-archive,innovations/water-desalination/HydroLoop™_FullProject/README.md,2025-07-05,6740,
planetary-restoration-archive,innovations/water-desalination/HydroLoop™_FullProject/blueprints_v1/modular_unit_frame.md,2025-07-05,1770,
planetary-restoration-archive,innovations/water-desalination/HydroLoop™_FullProject/dao-integration.md,2025-07-05,2790,
planetary-restoration-archive,innovations/water-desalination/HydroLoop™_FullProject/energy_variants/solar_thermal_variant.md,2025-07-05,1228,
planetary-restoration-archive,innovations/water-desalination/HydroLoop™_FullProject/hybrid_variant.md,2025-07-05,1964,
planetary-restoration-archive,innovations/water-desalination/HydroLoop™_FullProject/hydroloop_overview.md,2025-07-05,5163,
planetary-restoration-archive,innovations/water-desalination/HydroLoop™_FullProject/maintenance_guide.md,2025-07-05,4762,
planetary-restoration-archive,innovations/water-desalination/HydroLoop™_FullProject/manual_variant.md,2025-07-05,1952,
planetary-restoration-archive,innovations/water-desalination/HydroLoop™_FullProject/materials_list.txt,2025-07-05,2808,
planetary-restoration-archive,innovations/water-desalination/HydroLoop™_FullProject/policy_legal/legal.md,2025-07-05,45,
planetary-restoration-archive,innovations/water-desalination/HydroLoop™_FullProject/sketches/conceptual_sketch_1.md,2025-07-05,1417,
planetary-restoration-archive,innovations/water-desalination/HydroLoop™_FullProject/software/main.py,2025-07-05,81,
planetary-restoration-archive,innovations/water-desalination/HydroLoop™_FullProject/system_summary.md,2025-07-05,97,
planetary-restoration-archive,innovations/water-desalination/skyweave/README.md,2025-07-05,164,
planetary-restoration-archive,innovations/water-desalination/skyweave/policy_legal/legal.md,2025-07-05,113,
planetary-restoration-archive,innovations/water-desalination/skyweave/software/climate_control_agent.py,2025-07-05,36,
planetary-restoration-archive,innovations/water-desalination/skyweave/system_summary.md,2025-07-05,181,
planetary-restoration-archive,innovations/water-desalination/solar-mycodesalination-dunes/readme.md,2025-07-05,6149,
planetary-restoration-archive,ipfstest.txt,2025-07-05,17,
planetary-restoration-archive,mycolens/README_MycoLens.md,2025-07-05,2410,
planetary-restoration-archive,mycolens/fungal_interface.py,2025-07-05,1602,
planetary-restoration-archive,mycolens/system_summary_MycoLens.md,2025-07-05,1774,
planetary-restoration-archive,test.txt,2025-07-05,8,
planetary-restoration-archive,trust-2.0/README.md,2025-07-05,8716,
planetary-restoration-archive,trust-infrastructure/donation-routing-contracts.sol,2025-07-05,32,
planetary-restoration-archive,trust-infrastructure/honor-dashboard-metrics.md,2025-07-05,66,
planetary-restoration-archive,trust-infrastructure/livestream-reward-system.md,2025-07-05,91,
planetary-restoration-archive,website/backup/2025/october/28/README.md,2025-07-05,1,planetary-restoration-archive/innovations/atmospheric-aerial/atmospheric-filtration-drones/3d/readme.md
planetary-restoration-archive,wildfire-defense/README.md,2025-07-05,91,
planetary-restoration-os,README.md,2025-07-06,7570,
regenerative-innovations,algal-biolattice-panels/readme.md,2025-07-09,6208,planetary-restoration-archive/innovations/biotic-infrastructure/algal-biolattice-panels/readme.md
regenerative-innovations,atmospheric-filtration-drones/3d/readme.md,2025-07-09,1,planetary-restoration-archive/innovations/atmospheric-aerial/atmospheric-filtration-drones/3d/readme.md
regenerative-innovations,atmospheric-filtration-drones/CODE_OF_CONDUCT.md,2025-07-09,1523,planetary-restoration-archive/innovations/atmospheric-aerial/atmospheric-filtration-drones/CODE_OF_CONDUCT.md
regenerative-innovations,atmospheric-filtration-drones/SECURITY.md,2025-07-09,1637,planetary-restoration-archive/innovations/atmospheric-aerial/atmospheric-filtration-drones/SECURITY.md
regenerative-innovations,atmospheric-filtration-drones/_electronics_battery-mount-v1.md,2025-07-09,589,planetary-restoration-archive/innovations/atmospheric-aerial/atmospheric-filtration-drones/_electronics_battery-mount-v1.md
regenerative-innovations,atmospheric-filtration-drones/_electronics_gps-mount-v1.md,2025-07-09,592,planetary-restoration-archive/innovations/atmospheric-aerial/atmospheric-filtration-drones/_electronics_gps-mount-v1.md
regenerative-innovations,atmospheric-filtration-drones/_electronics_imu-mount-v1.md,2025-07-09,627,planetary-restoration-archive/innovations/atmospheric-aerial/atmospheric-filtration-drones/_electronics_imu-mount-v1.md
regenerative-innovations,atmospheric-filtration-drones/_electronics_mainboard-mount-v1.md,2025-07-09,594,planetary-restoration-archive/innovations/atmospheric-aerial/atmospheric-filtration-drones/_electronics_mainboard-mount-v1.md
regenerative-innovations,atmospheric-filtration-drones/_electronics_sensor-clip-v1.md,2025-07-09,632,planetary-restoration-archive/innovations/atmospheric-aerial/atmospheric-filtration-drones/_electronics_sensor-clip-v1.md
regenerative-innovations,atmospheric-filtration-drones/_electronics_telemetry-mount-v1.md,2025-07-09,554,planetary-restoration-archive/innovations/atmospheric-aerial/atmospheric-filtration-drones/_electronics_telemetry-mount-v1.md
regenerative-innovations,atmospheric-filtration-drones/_filter-cartridge_inline-duct-adapter-v1.md,2025-07-09,801,planetary-restoration-archive/innovations/atmospheric-aerial/atmospheric-filtration-drones/_filter-cartridge_inline-duct-adapter-v1.md
regenerative-innovations,atmospheric-filtration-drones/_filter-cartridge_main-body-v1.md,2025-07-09,902,planetary-restoration-archive/innovations/atmospheric-aerial/atmospheric-filtration-drones/_filter-cartridge_main-body-v1.md
regenerative-innovations,atmospheric-filtration-drones/_filter-cartridge_mesh-insert-v1.md,2025-07-09,879,planetary-restoration-archive/innovations/atmospheric-aerial/atmospheric-filtration-drones/_filter-cartridge_mesh-insert-v1.md
regenerative-innovations,atmospheric-filtration-drones/_filter-cartridge_sealing-gasket-ring-v1.md,2025-07-09,765,planetary-restoration-archive/innovations/atmospheric-aerial/atmospheric-filtration-drones/_filter-cartridge_sealing-gasket-ring-v1.md
regenerative-innovations,atmospheric-filtration-drones/_filter-cartridge_top-cap-v1.md,2025-07-09,800,planetary-restoration-archive/innovations/atmospheric-aerial/atmospheric-filtration-drones/_filter-cartridge_top-cap-v1.md
regenerative-innovations,atmospheric-filtration-drones/_filter-intake-funnel-v1.md,2025-07-09,555,planetary-restoration-archive/innovations/atmospheric-aerial/atmospheric-filtration-drones/_filter-intake-funnel-v1.md
regenerative-innovations,atmospheric-filtration-drones/_filter-locking-ring-v1.md,2025-07-09,564,planetary-restoration-archive/innovations/atmospheric-aerial/atmospheric-filtration-drones/_filter-locking-ring-v1.md
regenerative-innovations,atmospheric-filtration-drones/_innovations_atmospheric-filtration-drones_ai-logic_brain-architecture-overview.md,2025-07-09,2954,planetary-restoration-archive/innovations/atmospheric-aerial/atmospheric-filtration-drones/_innovations_atmospheric-filtration-drones_ai-logic_brain-architecture-overview.md
regenerative-innovations,atmospheric-filtration-drones/_innovations_atmospheric-filtration-drones_ai-logic_emergency-fallback-rules.md,2025-07-09,1989,planetary-restoration-archive/innovations/atmospheric-aerial/atmospheric-filtration-drones/_innovations_atmospheric-filtration-drones_ai-logic_emergency-fallback-rules.md
regenerative-innovations,atmospheric-filtration-drones/_innovations_atmospheric-filtration-drones_ai-logic_logic-core-init.py,2025-07-09,1718,planetary-restoration-archive/innovations/atmospheric-aerial/atmospheric-filtration-drones/_innovations_atmospheric-filtration-drones_ai-logic_logic-core-init.py
regenerative-innovations,atmospheric-filtration-drones/_innovations_atmospheric-filtration-drones_ai-logic_mission-adaptation-policy.md,2025-07-09,2456,planetary-restoration-archive/innovations/atmospheric-aerial/atmospheric-filtration-drones/_innovations_atmospheric-filtration-drones_ai-logic_mission-adaptation-policy.md
regenerative-innovations,atmospheric-filtration-drones/_innovations_atmospheric-filtration-drones_ai-logic_model-inference-loop.py,2025-07-09,1696,planetary-restoration-archive/innovations/atmospheric-aerial/atmospheric-filtration-drones/_innovations_atmospheric-filtration-drones_ai-logic_model-inference-loop.py
regenerative-innovations,atmospheric-filtration-drones/_innovations_atmospheric-filtration-drones_ai-logic_sensor-fusion-engine.py,2025-07-09,1641,planetary-restoration-archive/innovations/atmospheric-aerial/atmospheric-filtration-drones/_innovations_atmospheric-filtration-drones_ai-logic_sensor-fusion-engine.py
regenerative-innovations,atmospheric-filtration-drones/_innovations_atmospheric-filtration-drones_ai-logic_task-scheduler.py,2025-07-09,1878,planetary-restoration-archive/innovations/atmospheric-aerial/atmospheric-filtration-drones/_innovations_atmospheric-filtration-drones_ai-logic_task-scheduler.py
regenerative-innovations,atmospheric-filtration-drones/_innovations_atmospheric-filtration-drones_recharge_field-charging-cover-v1.md,2025-07-09,1279,planetary-restoration-archive/innovations/atmospheric-aerial/atmospheric-filtration-drones/_innovations_atmospheric-filtration-drones_recharge_field-charging-cover-v1.md
regenerative-innovations,atmospheric-filtration-drones/_innovations_atmospheric-filtration-drones_recharge_solar-mppt-mount-v1.md,2025-07-09,1318,planetary-restoration-archive/innovations/atmospheric-aerial/atmospheric-filtration-drones/_innovations_atmospheric-filtration-drones_recharge_solar-mppt-mount-v1.md
regenerative-innovations,atmospheric-filtration-drones/_innovations_atmospheric-filtration-drones_recharge_universal-dock-plate-v1.md,2025-07-09,1423,planetary-restoration-archive/innovations/atmospheric-aerial/atmospheric-filtration-drones/_innovations_atmospheric-filtration-drones_recharge_universal-dock-plate-v1.md
regenerative-innovations,atmospheric-filtration-drones/_innovations_atmospheric-filtration-drones_recharge_usb-c-power-interface-v1.md,2025-07-09,1280,planetary-restoration-archive/innovations/atmospheric-aerial/atmospheric-filtration-drones/_innovations_atmospheric-filtration-drones_recharge_usb-c-power-interface-v1.md
regenerative-innovations,atmospheric-filtration-drones/_innovations_atmospheric-filtration-drones_scripts_auto-update.py,2025-07-09,1665,planetary-restoration-archive/innovations/atmospheric-aerial/atmospheric-filtration-drones/_innovations_atmospheric-filtration-drones_scripts_auto-update.py
regenerative-innovations,atmospheric-filtration-drones/_innovations_atmospheric-filtration-drones_scripts_boot.py,2025-07-09,1334,planetary-restoration-archive/innovations/atmospheric-aerial/atmospheric-filtration-drones/_innovations_atmospheric-filtration-drones_scripts_boot.py
regenerative-innovations,atmospheric-filtration-drones/_innovations_atmospheric-filtration-drones_scripts_emergency-broadcast.py,2025-07-09,993,planetary-restoration-archive/innovations/atmospheric-aerial/atmospheric-filtration-drones/_innovations_atmospheric-filtration-drones_scripts_emergency-broadcast.py
regenerative-innovations,atmospheric-filtration-drones/_innovations_atmospheric-filtration-drones_scripts_failsafe-monitor.py,2025-07-09,1321,planetary-restoration-archive/innovations/atmospheric-aerial/atmospheric-filtration-drones/_innovations_atmospheric-filtration-drones_scripts_failsafe-monitor.py
regenerative-innovations,atmospheric-filtration-drones/_innovations_atmospheric-filtration-drones_scripts_log-telemetry.py,2025-07-09,1311,planetary-restoration-archive/innovations/atmospheric-aerial/atmospheric-filtration-drones/_innovations_atmospheric-filtration-drones_scripts_log-telemetry.py
regenerative-innovations,atmospheric-filtration-drones/_innovations_atmospheric-filtration-drones_scripts_main-loop.py,2025-07-09,1308,planetary-restoration-archive/innovations/atmospheric-aerial/atmospheric-filtration-drones/_innovations_atmospheric-filtration-drones_scripts_main-loop.py
regenerative-innovations,atmospheric-filtration-drones/_innovations_atmospheric-filtration-drones_swarm-control_ai-copilot-core-mount-v1.md,2025-07-09,1303,planetary-restoration-archive/innovations/atmospheric-aerial/atmospheric-filtration-drones/_innovations_atmospheric-filtration-drones_swarm-control_ai-copilot-core-mount-v1.md
regenerative-innovations,atmospheric-filtration-drones/_innovations_atmospheric-filtration-drones_swarm-control_antenna-mast-mount-v1.md,2025-07-09,1261,planetary-restoration-archive/innovations/atmospheric-aerial/atmospheric-filtration-drones/_innovations_atmospheric-filtration-drones_swarm-control_antenna-mast-mount-v1.md
regenerative-innovations,atmospheric-filtration-drones/_innovations_atmospheric-filtration-drones_swarm-control_diagnostic-port-mount-v1.md,2025-07-09,1338,planetary-restoration-archive/innovations/atmospheric-aerial/atmospheric-filtration-drones/_innovations_atmospheric-filtration-drones_swarm-control_diagnostic-port-mount-v1.md
regenerative-innovations,atmospheric-filtration-drones/_innovations_atmospheric-filtration-drones_swarm-control_failsafe-reset-module-mount-v1.md,2025-07-09,1365,planetary-restoration-archive/innovations/atmospheric-aerial/atmospheric-filtration-drones/_innovations_atmospheric-filtration-drones_swarm-control_failsafe-reset-module-mount-v1.md
regenerative-innovations,atmospheric-filtration-drones/_innovations_atmospheric-filtration-drones_swarm-control_primary-bus-mount-v1.md,2025-07-09,1261,planetary-restoration-archive/innovations/atmospheric-aerial/atmospheric-filtration-drones/_innovations_atmospheric-filtration-drones_swarm-control_primary-bus-mount-v1.md
regenerative-innovations,atmospheric-filtration-drones/_innovations_atmospheric-filtration-drones_swarm-control_radio-shield-housing-v1.md,2025-07-09,1333,planetary-restoration-archive/innovations/atmospheric-aerial/atmospheric-filtration-drones/_innovations_atmospheric-filtration-drones_swarm-control_radio-shield-housing-v1.md
regenerative-innovations,atmospheric-filtration-drones/_innovations_atmospheric-filtration-drones_swarm-control_signal-routing-conduit-v1.md,2025-07-09,1275,planetary-restoration-archive/innovations/atmospheric-aerial/atmospheric-filtration-drones/_innovations_atmospheric-filtration-drones_swarm-control_signal-routing-conduit-v1.md
regenerative-innovations,atmospheric-filtration-drones/_innovations_atmospheric-filtration-drones_swarm-control_swarm-cooling-fan-mount-v1.md,2025-07-09,1307,planetary-restoration-archive/innovations/atmospheric-aerial/atmospheric-filtration-drones/_innovations_atmospheric-filtration-drones_swarm-control_swarm-cooling-fan-mount-v1.md
regenerative-innovations,atmospheric-filtration-drones/_innovations_atmospheric-filtration-drones_swarm-control_swarm-distribution-hub-v1.md,2025-07-09,1249,planetary-restoration-archive/innovations/atmospheric-aerial/atmospheric-filtration-drones/_innovations_atmospheric-filtration-drones_swarm-control_swarm-distribution-hub-v1.md
regenerative-innovations,atmospheric-filtration-drones/_innovations_atmospheric-filtration-drones_swarm-coordination_adaptive-formations.py,2025-07-09,1751,planetary-restoration-archive/innovations/atmospheric-aerial/atmospheric-filtration-drones/_innovations_atmospheric-filtration-drones_swarm-coordination_adaptive-formations.py
regenerative-innovations,atmospheric-filtration-drones/_innovations_atmospheric-filtration-drones_swarm-coordination_behavior-sync.py,2025-07-09,1398,planetary-restoration-archive/innovations/atmospheric-aerial/atmospheric-filtration-drones/_innovations_atmospheric-filtration-drones_swarm-coordination_behavior-sync.py
regenerative-innovations,atmospheric-filtration-drones/_innovations_atmospheric-filtration-drones_swarm-coordination_group-comms.py,2025-07-09,1798,planetary-restoration-archive/innovations/atmospheric-aerial/atmospheric-filtration-drones/_innovations_atmospheric-filtration-drones_swarm-coordination_group-comms.py
regenerative-innovations,atmospheric-filtration-drones/_innovations_atmospheric-filtration-drones_swarm-coordination_leader-election.py,2025-07-09,1768,planetary-restoration-archive/innovations/atmospheric-aerial/atmospheric-filtration-drones/_innovations_atmospheric-filtration-drones_swarm-coordination_leader-election.py
regenerative-innovations,atmospheric-filtration-drones/_innovations_atmospheric-filtration-drones_swarm-coordination_protocol-spec.md,2025-07-09,2000,planetary-restoration-archive/innovations/atmospheric-aerial/atmospheric-filtration-drones/_innovations_atmospheric-filtration-drones_swarm-coordination_protocol-spec.md
regenerative-innovations,atmospheric-filtration-drones/_mounts_fan-duct-clip-v1.md,2025-07-09,716,planetary-restoration-archive/innovations/atmospheric-aerial/atmospheric-filtration-drones/_mounts_fan-duct-clip-v1.md
regenerative-innovations,atmospheric-filtration-drones/_mounts_filter-arm-clamp-v1.md,2025-07-09,555,planetary-restoration-archive/innovations/atmospheric-aerial/atmospheric-filtration-drones/_mounts_filter-arm-clamp-v1.md
regenerative-innovations,atmospheric-filtration-drones/_mounts_housing-chassis-mount-v1.md,2025-07-09,597,planetary-restoration-archive/innovations/atmospheric-aerial/atmospheric-filtration-drones/_mounts_housing-chassis-mount-v1.md
regenerative-innovations,atmospheric-filtration-drones/_mounts_payload-magnet-plate-v1.md,2025-07-09,695,planetary-restoration-archive/innovations/atmospheric-aerial/atmospheric-filtration-drones/_mounts_payload-magnet-plate-v1.md
regenerative-innovations,atmospheric-filtration-drones/_mounts_power-distro-clip-v1.md,2025-07-09,660,planetary-restoration-archive/innovations/atmospheric-aerial/atmospheric-filtration-drones/_mounts_power-distro-clip-v1.md
regenerative-innovations,atmospheric-filtration-drones/_mounts_sensor-bracket-v1.md,2025-07-09,671,planetary-restoration-archive/innovations/atmospheric-aerial/atmospheric-filtration-drones/_mounts_sensor-bracket-v1.md
regenerative-innovations,atmospheric-filtration-drones/_note_recharge-fabrication-complete.md,2025-07-09,320,planetary-restoration-archive/innovations/atmospheric-aerial/atmospheric-filtration-drones/_note_recharge-fabrication-complete.md
regenerative-innovations,atmospheric-filtration-drones/_power_modular-battery-tray-v1.md,2025-07-09,750,planetary-restoration-archive/innovations/atmospheric-aerial/atmospheric-filtration-drones/_power_modular-battery-tray-v1.md
regenerative-innovations,atmospheric-filtration-drones/_power_solar-adapter-plate-v1.md,2025-07-09,785,planetary-restoration-archive/innovations/atmospheric-aerial/atmospheric-filtration-drones/_power_solar-adapter-plate-v1.md
regenerative-innovations,atmospheric-filtration-drones/_power_swappable-battery-rail-v1.md,2025-07-09,788,planetary-restoration-archive/innovations/atmospheric-aerial/atmospheric-filtration-drones/_power_swappable-battery-rail-v1.md
regenerative-innovations,atmospheric-filtration-drones/_power_usb-c-charge-dock-v1.md,2025-07-09,809,planetary-restoration-archive/innovations/atmospheric-aerial/atmospheric-filtration-drones/_power_usb-c-charge-dock-v1.md
regenerative-innovations,atmospheric-filtration-drones/_power_voltage-regulator-clip-v1.md,2025-07-09,733,planetary-restoration-archive/innovations/atmospheric-aerial/atmospheric-filtration-drones/_power_voltage-regulator-clip-v1.md
regenerative-innovations,atmospheric-filtration-drones/_power_xt60-socket-mount-v1.md,2025-07-09,763,planetary-restoration-archive/innovations/atmospheric-aerial/atmospheric-filtration-drones/_power_xt60-socket-mount-v1.md
regenerative-innovations,atmospheric-filtration-drones/_recharge_xt60-dock-v1.md,2025-07-09,891,planetary-restoration-archive/innovations/atmospheric-aerial/atmospheric-filtration-drones/_recharge_xt60-dock-v1.md
regenerative-innovations,atmospheric-filtration-drones/_sensor-payload_air-quality-module-v1.md,2025-07-09,821,planetary-restoration-archive/innovations/atmospheric-aerial/atmospheric-filtration-drones/_sensor-payload_air-quality-module-v1.md
regenerative-innovations,atmospheric-filtration-drones/_sensor-payload_climate-telemetry-pod-v1.md,2025-07-09,899,planetary-restoration-archive/innovations/atmospheric-aerial/atmospheric-filtration-drones/_sensor-payload_climate-telemetry-pod-v1.md
regenerative-innovations,atmospheric-filtration-drones/_sensor-payload_extender-arm-v1.md,2025-07-09,801,planetary-restoration-archive/innovations/atmospheric-aerial/atmospheric-filtration-drones/_sensor-payload_extender-arm-v1.md
regenerative-innovations,atmospheric-filtration-drones/_sensor-payload_gas-sensor-pod-v1.md,2025-07-09,887,planetary-restoration-archive/innovations/atmospheric-aerial/atmospheric-filtration-drones/_sensor-payload_gas-sensor-pod-v1.md
regenerative-innovations,atmospheric-filtration-drones/ai-models/readme.md,2025-07-09,1,planetary-restoration-archive/innovations/atmospheric-aerial/atmospheric-filtration-drones/3d/readme.md
regenerative-innovations,atmospheric-filtration-drones/audio/readme.md,2025-07-09,1,planetary-restoration-archive/innovations/atmospheric-aerial/atmospheric-filtration-drones/3d/readme.md
regenerative-innovations,atmospheric-filtration-drones/blueprints/climate-modeling/readme.md,2025-07-09,1,planetary-restoration-archive/innovations/atmospheric-aerial/atmospheric-filtration-drones/3d/readme.md
regenerative-innovations,atmospheric-filtration-drones/blueprints/readme.md,2025-07-09,1,planetary-restoration-archive/innovations/atmospheric-aerial/atmospheric-filtration-drones/3d/readme.md
regenerative-innovations,atmospheric-filtration-drones/climate-modeling/readme.md,2025-07-09,1883,planetary-restoration-archive/innovations/atmospheric-aerial/atmospheric-filtration-drones/climate-modeling/readme.md
regenerative-innovations,atmospheric-filtration-drones/dao-logic/readme.md,2025-07-09,1,planetary-restoration-archive/innovations/atmospheric-aerial/atmospheric-filtration-drones/3d/readme.md
regenerative-innovations,atmospheric-filtration-drones/deployment-ops/autonomous-routines-guide.md,2025-07-09,2132,planetary-restoration-archive/innovations/atmospheric-aerial/atmospheric-filtration-drones/deployment-ops/autonomous-routines-guide.md
regenerative-innovations,atmospheric-filtration-drones/deployment-ops/manifest.md,2025-07-09,2011,planetary-restoration-archive/innovations/atmospheric-aerial/atmospheric-filtration-drones/deployment-ops/manifest.md
regenerative-innovations,atmospheric-filtration-drones/deployment-ops/readme.md,2025-07-09,2245,planetary-restoration-archive/innovations/atmospheric-aerial/atmospheric-filtration-drones/deployment-ops/readme.md
regenerative-innovations,atmospheric-filtration-drones/deployment-ops/recharge-and-refill-cycles.md,2025-07-09,2666,planetary-restoration-archive/innovations/atmospheric-aerial/atmospheric-filtration-drones/deployment-ops/recharge-and-refill-cycles.md
regenerative-innovations,atmospheric-filtration-drones/deployment-ops/swarm-deployment-checklist.md,2025-07-09,1868,planetary-restoration-archive/innovations/atmospheric-aerial/atmospheric-filtration-drones/deployment-ops/swarm-deployment-checklist.md
regenerative-innovations,atmospheric-filtration-drones/diagrams/readme.md,2025-07-09,1,planetary-restoration-archive/innovations/atmospheric-aerial/atmospheric-filtration-drones/3d/readme.md
regenerative-innovations,atmospheric-filtration-drones/examples/mission-profiles/readme.md,2025-07-09,708,planetary-restoration-archive/innovations/atmospheric-aerial/atmospheric-filtration-drones/examples/mission-profiles/readme.md
regenerative-innovations,atmospheric-filtration-drones/fabrication/_electronics_battery-mount-v1.md,2025-07-09,589,planetary-restoration-archive/innovations/atmospheric-aerial/atmospheric-filtration-drones/_electronics_battery-mount-v1.md
regenerative-innovations,atmospheric-filtration-drones/fabrication/_electronics_gps-mount-v1.md,2025-07-09,592,planetary-restoration-archive/innovations/atmospheric-aerial/atmospheric-filtration-drones/_electronics_gps-mount-v1.md
regenerative-innovations,atmospheric-filtration-drones/fabrication/_electronics_imu-mount-v1.md,2025-07-09,627,planetary-restoration-archive/innovations/atmospheric-aerial/atmospheric-filtration-drones/_electronics_imu-mount-v1.md
regenerative-innovations,atmospheric-filtration-drones/fabrication/_electronics_mainboard-mount-v1 (1).md,2025-07-09,594,planetary-restoration-archive/innovations/atmospheric-aerial/atmospheric-filtration-drones/_electronics_mainboard-mount-v1.md
regenerative-innovations,atmospheric-filtration-drones/fabrication/_electronics_sensor-clip-v1.md,2025-07-09,632,planetary-restoration-archive/innovations/atmospheric-aerial/atmospheric-filtration-drones/_electronics_sensor-clip-v1.md
regenerative-innovations,atmospheric-filtration-drones/fabrication/_electronics_telemetry-mount-v1.md,2025-07-09,554,planetary-restoration-archive/innovations/atmospheric-aerial/atmospheric-filtration-drones/_electronics_telemetry-mount-v1.md
regenerative-innovations,atmospheric-filtration-drones/fabrication/_filter-cartridge_inline-duct-adapter-v1.md,2025-07-09,801,planetary-restoration-archive/innovations/atmospheric-aerial/atmospheric-filtration-drones/_filter-cartridge_inline-duct-adapter-v1.md
regenerative-innovations,atmospheric-filtration-drones/fabrication/_filter-cartridge_main-body-v1.md,2025-07-09,902,planetary-restoration-archive/innovations/atmospheric-aerial/atmospheric-filtration-drones/_filter-cartridge_main-body-v1.md
regenerative-innovations,atmospheric-filtration-drones/fabrication/_filter-cartridge_mesh-insert-v1.md,2025-07-09,879,planetary-restoration-archive/innovations/atmospheric-aerial/atmospheric-filtration-drones/_filter-cartridge_mesh-insert-v1.md
regenerative-innovations,atmospheric-filtration-drones/fabrication/_filter-cartridge_sealing-gasket-ring-v1.md,2025-07-09,765,planetary-restoration-archive/innovations/atmospheric-aerial/atmospheric-filtration-drones/_filter-cartridge_sealing-gasket-ring-v1.md
regenerative-innovations,atmospheric-filtration-drones/fabrication/_filter-cartridge_top-cap-v1.md,2025-07-09,800,planetary-restoration-archive/innovations/atmospheric-aerial/atmospheric-filtration-drones/_filter-cartridge_top-cap-v1.md
regenerative-innovations,atmospheric-filtration-drones/fabrication/_filter-core-insert-v1.md,2025-07-09,659,planetary-restoration-archive/innovations/atmospheric-aerial/atmospheric-filtration-drones/fabrication/_filter-core-insert-v1.md
regenerative-innovations,atmospheric-filtration-drones/fabrication/_filter-intake-funnel-v1.md,2025-07-09,555,planetary-restoration-archive/innovations/atmospheric-aerial/atmospheric-filtration-drones/_filter-intake-funnel-v1.md
regenerative-innovations,atmospheric-filtration-drones/fabrication/_filter-locking-ring-v1.md,2025-07-09,564,planetary-restoration-archive/innovations/atmospheric-aerial/atmospheric-filtration-drones/_filter-locking-ring-v1.md
regenerative-innovations,atmospheric-filtration-drones/fabrication/_innovations_atmospheric-filtration-drones_recharge_field-charging-cover-v1.md,2025-07-09,1279,planetary-restoration-archive/innovations/atmospheric-aerial/atmospheric-filtration-drones/_innovations_atmospheric-filtration-drones_recharge_field-charging-cover-v1.md
regenerative-innovations,atmospheric-filtration-drones/fabrication/_innovations_atmospheric-filtration-drones_recharge_solar-mppt-mount-v1.md,2025-07-09,1318,planetary-restoration-archive/innovations/atmospheric-aerial/atmospheric-filtration-drones/_innovations_atmospheric-filtration-drones_recharge_solar-mppt-mount-v1.md
regenerative-innovations,atmospheric-filtration-drones/fabrication/_innovations_atmospheric-filtration-drones_recharge_universal-dock-plate-v1.md,2025-07-09,1423,planetary-restoration-archive/innovations/atmospheric-aerial/atmospheric-filtration-drones/_innovations_atmospheric-filtration-drones_recharge_universal-dock-plate-v1.md
regenerative-innovations,atmospheric-filtration-drones/fabrication/_innovations_atmospheric-filtration-drones_recharge_usb-c-power-interface-v1.md,2025-07-09,1280,planetary-restoration-archive/innovations/atmospheric-aerial/atmospheric-filtration-drones/_innovations_atmospheric-filtration-drones_recharge_usb-c-power-interface-v1.md
regenerative-innovations,atmospheric-filtration-drones/fabrication/_innovations_atmospheric-filtration-drones_swarm-control_ai-copilot-core-mount-v1.md,2025-07-09,1303,planetary-restoration-archive/innovations/atmospheric-aerial/atmospheric-filtration-drones/_innovations_atmospheric-filtration-drones_swarm-control_ai-copilot-core-mount-v1.md
regenerative-innovations,atmospheric-filtration-drones/fabrication/_innovations_atmospheric-filtration-drones_swarm-control_antenna-mast-mount-v1.md,2025-07-09,1261,planetary-restoration-archive/innovations/atmospheric-aerial/atmospheric-filtration-drones/_innovations_atmospheric-filtration-drones_swarm-control_antenna-mast-mount-v1.md
regenerative-innovations,atmospheric-filtration-drones/fabrication/_innovations_atmospheric-filtration-drones_swarm-control_diagnostic-port-mount-v1.md,2025-07-09,1338,planetary-restoration-archive/innovations/atmospheric-aerial/atmospheric-filtration-drones/_innovations_atmospheric-filtration-drones_swarm-control_diagnostic-port-mount-v1.md
regenerative-innovations,atmospheric-filtration-drones/fabrication/_innovations_atmospheric-filtration-drones_swarm-control_failsafe-reset-module-mount-v1.md,2025-07-09,1365,planetary-restoration-archive/innovations/atmospheric-aerial/atmospheric-filtration-drones/_innovations_atmospheric-filtration-drones_swarm-control_failsafe-reset-module-mount-v1.md
regenerative-innovations,atmospheric-filtration-drones/fabrication/_innovations_atmospheric-filtration-drones_swarm-control_primary-bus-mount-v1.md,2025-07-09,1261,planetary-restoration-archive/innovations/atmospheric-aerial/atmospheric-filtration-drones/_innovations_atmospheric-filtration-drones_swarm-control_primary-bus-mount-v1.md
regenerative-innovations,atmospheric-filtration-drones/fabrication/_innovations_atmospheric-filtration-drones_swarm-control_radio-shield-housing-v1.md,2025-07-09,1333,planetary-restoration-archive/innovations/atmospheric-aerial/atmospheric-filtration-drones/_innovations_atmospheric-filtration-drones_swarm-control_radio-shield-housing-v1.md
regenerative-innovations,atmospheric-filtration-drones/fabrication/_innovations_atmospheric-filtration-drones_swarm-control_signal-routing-conduit-v1.md,2025-07-09,1275,planetary-restoration-archive/innovations/atmospheric-aerial/atmospheric-filtration-drones/_innovations_atmospheric-filtration-drones_swarm-control_signal-routing-conduit-v1.md
regenerative-innovations,atmospheric-filtration-drones/fabrication/_innovations_atmospheric-filtration-drones_swarm-control_swarm-cooling-fan-mount-v1.md,2025-07-09,1307,planetary-restoration-archive/innovations/atmospheric-aerial/atmospheric-filtration-drones/_innovations_atmospheric-filtration-drones_swarm-control_swarm-cooling-fan-mount-v1.md
regenerative-innovations,atmospheric-filtration-drones/fabrication/_innovations_atmospheric-filtration-drones_swarm-control_swarm-distribution-hub-v1.md,2025-07-09,1249,planetary-restoration-archive/innovations/atmospheric-aerial/atmospheric-filtration-drones/_innovations_atmospheric-filtration-drones_swarm-control_swarm-distribution-hub-v1.md
regenerative-innovations,atmospheric-filtration-drones/fabrication/_mounts_fan-duct-clip-v1.md,2025-07-09,716,planetary-restoration-archive/innovations/atmospheric-aerial/atmospheric-filtration-drones/_mounts_fan-duct-clip-v1.md
regenerative-innovations,atmospheric-filtration-drones/fabrication/_mounts_filter-arm-clamp-v1.md,2025-07-09,555,planetary-restoration-archive/innovations/atmospheric-aerial/atmospheric-filtration-drones/_mounts_filter-arm-clamp-v1.md
regenerative-innovations,atmospheric-filtration-drones/fabrication/_mounts_payload-magnet-plate-v1.md,2025-07-09,695,planetary-restoration-archive/innovations/atmospheric-aerial/atmospheric-filtration-drones/_mounts_payload-magnet-plate-v1.md
regenerative-innovations,atmospheric-filtration-drones/fabrication/_mounts_power-distro-clip-v1.md,2025-07-09,660,planetary-restoration-archive/innovations/atmospheric-aerial/atmospheric-filtration-drones/_mounts_power-distro-clip-v1.md
regenerative-innovations,atmospheric-filtration-drones/fabrication/_mounts_sensor-bracket-v1.md,2025-07-09,671,planetary-restoration-archive/innovations/atmospheric-aerial/atmospheric-filtration-drones/_mounts_sensor-bracket-v1.md
regenerative-innovations,atmospheric-filtration-drones/fabrication/_note_recharge-fabrication-complete.md,2025-07-09,320,planetary-restoration-archive/innovations/atmospheric-aerial/atmospheric-filtration-drones/_note_recharge-fabrication-complete.md
regenerative-innovations,atmospheric-filtration-drones/fabrication/_power_modular-battery-tray-v1.md,2025-07-09,750,planetary-restoration-archive/innovations/atmospheric-aerial/atmospheric-filtration-drones/_power_modular-battery-tray-v1.md
regenerative-innovations,atmospheric-filtration-drones/fabrication/_power_solar-adapter-plate-v1.md,2025-07-09,785,planetary-restoration-archive/innovations/atmospheric-aerial/atmospheric-filtration-drones/_power_solar-adapter-plate-v1.md
regenerative-innovations,atmospheric-filtration-drones/fabrication/_power_swappable-battery-rail-v1.md,2025-07-09,788,planetary-restoration-archive/innovations/atmospheric-aerial/atmospheric-filtration-drones/_power_swappable-battery-rail-v1.md
regenerative-innovations,atmospheric-filtration-drones/fabrication/_power_usb-c-charge-dock-v1.md,2025-07-09,809,planetary-restoration-archive/innovations/atmospheric-aerial/atmospheric-filtration-drones/_power_usb-c-charge-dock-v1.md
regenerative-innovations,atmospheric-filtration-drones/fabrication/_power_voltage-regulator-clip-v1.md,2025-07-09,733,planetary-restoration-archive/innovations/atmospheric-aerial/atmospheric-filtration-drones/_power_voltage-regulator-clip-v1.md
regenerative-innovations,atmospheric-filtration-drones/fabrication/_power_xt60-socket-mount-v1.md,2025-07-09,763,planetary-restoration-archive/innovations/atmospheric-aerial/atmospheric-filtration-drones/_power_xt60-socket-mount-v1.md
regenerative-innovations,atmospheric-filtration-drones/fabrication/_recharge_xt60-dock-v1.md,2025-07-09,891,planetary-restoration-archive/innovations/atmospheric-aerial/atmospheric-filtration-drones/_recharge_xt60-dock-v1.md
regenerative-innovations,atmospheric-filtration-drones/fabrication/_sensor-payload_air-quality-module-v1.md,2025-07-09,821,planetary-restoration-archive/innovations/atmospheric-aerial/atmospheric-filtration-drones/_sensor-payload_air-quality-module-v1.md
regenerative-innovations,atmospheric-filtration-drones/fabrication/_sensor-payload_climate-telemetry-pod-v1.md,2025-07-09,899,planetary-restoration-archive/innovations/atmospheric-aerial/atmospheric-filtration-drones/_sensor-payload_climate-telemetry-pod-v1.md
regenerative-innovations,atmospheric-filtration-drones/fabrication/_sensor-payload_extender-arm-v1.md,2025-07-09,801,planetary-restoration-archive/innovations/atmospheric-aerial/atmospheric-filtration-drones/_sensor-payload_extender-arm-v1.md
regenerative-innovations,atmospheric-filtration-drones/fabrication/_sensor-payload_gas-sensor-pod-v1.md,2025-07-09,887,planetary-restoration-archive/innovations/atmospheric-aerial/atmospheric-filtration-drones/_sensor-payload_gas-sensor-pod-v1.md
regenerative-innovations,atmospheric-filtration-drones/fabrication/readme.md,2025-07-09,1,planetary-restoration-archive/innovations/atmospheric-aerial/atmospheric-filtration-drones/3d/readme.md
regenerative-innovations,atmospheric-filtration-drones/ipfs-metadata/readme.md,2025-07-09,1,planetary-restoration-archive/innovations/atmospheric-aerial/atmospheric-filtration-drones/3d/readme.md
regenerative-innovations,atmospheric-filtration-drones/media/readme.md,2025-07-09,1,planetary-restoration-archive/innovations/atmospheric-aerial/atmospheric-filtration-drones/3d/readme.md
regenerative-innovations,atmospheric-filtration-drones/presentation/readme.md,2025-07-09,1,planetary-restoration-archive/innovations/atmospheric-aerial/atmospheric-filtration-drones/3d/readme.md
regenerative-innovations,atmospheric-filtration-drones/projections/cost-filtration-efficiency-table.md,2025-07-09,2921,planetary-restoration-archive/innovations/atmospheric-aerial/atmospheric-filtration-drones/projections/cost-filtration-efficiency-table.md
regenerative-innovations,atmospheric-filtration-drones/projections/filter-type-performance.md,2025-07-09,335,planetary-restoration-archive/innovations/atmospheric-aerial/atmospheric-filtration-drones/projections/filter-type-performance.md
regenerative-innovations,atmospheric-filtration-drones/projections/simulation-outliers.md,2025-07-09,1606,planetary-restoration-archive/innovations/atmospheric-aerial/atmospheric-filtration-drones/projections/simulation-outliers.md
regenerative-innovations,atmospheric-filtration-drones/readme.md,2025-07-09,5867,planetary-restoration-archive/innovations/atmospheric-aerial/atmospheric-filtration-drones/readme.md
regenerative-innovations,atmospheric-filtration-drones/safety-checks/readme.md,2025-07-09,1,planetary-restoration-archive/innovations/atmospheric-aerial/atmospheric-filtration-drones/3d/readme.md
regenerative-innovations,atmospheric-filtration-drones/scripts/readme.md,2025-07-09,1,planetary-restoration-archive/innovations/atmospheric-aerial/atmospheric-filtration-drones/3d/readme.md
regenerative-innovations,atmospheric-filtration-drones/sketches/readme.md,2025-07-09,1,planetary-restoration-archive/innovations/atmospheric-aerial/atmospheric-filtration-drones/3d/readme.md
regenerative-innovations,atmospheric-filtration-drones/supporting-docs/readme.md,2025-07-09,1,planetary-restoration-archive/innovations/atmospheric-aerial/atmospheric-filtration-drones/3d/readme.md
regenerative-innovations,atmospheric-filtration-drones/swarm-controller.py,2025-07-09,1882,planetary-restoration-archive/innovations/atmospheric-aerial/atmospheric-filtration-drones/swarm-controller.py
regenerative-innovations,atmospheric-filtration-drones/termux-offline/readme.md,2025-07-09,1,planetary-restoration-archive/innovations/atmospheric-aerial/atmospheric-filtration-drones/3d/readme.md
regenerative-innovations,atmospheric-filtration-drones/testing/readme.md,2025-07-09,1,planetary-restoration-archive/innovations/atmospheric-aerial/atmospheric-filtration-drones/3d/readme.md
regenerative-innovations,atmospheric-filtration-drones/torrent-metadata/readme.md,2025-07-09,1,planetary-restoration-archive/innovations/atmospheric-aerial/atmospheric-filtration-drones/3d/readme.md
regenerative-innovations,atmospheric-filtration-drones/video/readme.md,2025-07-09,1,planetary-restoration-archive/innovations/atmospheric-aerial/atmospheric-filtration-drones/3d/readme.md
regenerative-innovations,atmospheric-mycelial-towers/readme.md,2025-07-09,5713,planetary-restoration-archive/innovations/atmospheric-aerial/atmospheric-mycelial-towers/readme.md
regenerative-innovations,atmospheric/readme.md,2025-07-09,2738,planetary-restoration-archive/innovations/atmospheric-aerial/readme.md
regenerative-innovations,eco-sim-grid/readme.md,2025-07-09,4497,planetary-restoration-archive/innovations/eco-sim-grid/readme.md
regenerative-innovations,fog-harvester-veil/readme.md,2025-07-09,5818,planetary-restoration-archive/innovations/fire-recovery-resilience/fog-harvester-veil/readme.md
regenerative-innovations,index.md,2025-07-09,2381,
regenerative-innovations,modular-rainfed-agroforestry-pods/readme.md,2025-07-09,5825,planetary-restoration-archive/innovations/reforestation-aggro/modular-rainfed-agroforestry-pods/readme.md
regenerative-innovations,priority-x/eco-sim/readme.md,2025-07-09,1,planetary-restoration-archive/innovations/atmospheric-aerial/atmospheric-filtration-drones/3d/readme.md
regenerative-innovations,regenerative-economics/001-atmospheric-carbon-weaver/README.md,2025-07-09,355,planetary-restoration-archive/innovations/regenerative-economics/001-atmospheric-carbon-weaver/README.md
regenerative-innovations,regenerative-economics/002-bioeconomic-arbitrage-mesh/README.md,2025-07-09,225,planetary-restoration-archive/innovations/regenerative-economics/002-bioeconomic-arbitrage-mesh/README.md
regenerative-innovations,regenerative-economics/002-bioeconomic-arbitrage-mesh/arb-router.py,2025-07-09,83,planetary-restoration-archive/innovations/regenerative-economics/002-bioeconomic-arbitrage-mesh/arb-router.py
regenerative-innovations,regenerative-economics/002-bioeconomic-arbitrage-mesh/arbitrage-monitor.py,2025-07-09,103,planetary-restoration-archive/innovations/regenerative-economics/002-bioeconomic-arbitrage-mesh/arbitrage-monitor.py
regenerative-innovations,regenerative-economics/003-tokenized-terra-loops/README.md,2025-07-09,230,planetary-restoration-archive/innovations/regenerative-economics/003-tokenized-terra-loops/README.md
regenerative-innovations,regenerative-economics/004-debt-to-soil-engine/README.md,2025-07-09,228,planetary-restoration-archive/innovations/regenerative-economics/004-debt-to-soil-engine/README.md
regenerative-innovations,regenerative-economics/004-debt-to-soil-engine/convert-debt-dao.py,2025-07-09,96,planetary-restoration-archive/innovations/regenerative-economics/004-debt-to-soil-engine/convert-debt-dao.py
regenerative-innovations,regenerative-economics/004-debt-to-soil-engine/convert-debt.py,2025-07-09,76,planetary-restoration-archive/innovations/regenerative-economics/004-debt-to-soil-engine/convert-debt.py
regenerative-innovations,regenerative-economics/005-circular-carbon-credit-oracle/README.md,2025-07-09,240,planetary-restoration-archive/innovations/regenerative-economics/005-circular-carbon-credit-oracle/README.md
regenerative-innovations,regenerative-economics/006-multispecies-dividend-distributor/README.md,2025-07-09,242,planetary-restoration-archive/innovations/regenerative-economics/006-multispecies-dividend-distributor/README.md
regenerative-innovations,regenerative-economics/006-multispecies-dividend-distributor/distribute-dividends.py,2025-07-09,90,planetary-restoration-archive/innovations/regenerative-economics/006-multispecies-dividend-distributor/distribute-dividends.py
regenerative-innovations,regenerative-economics/006-multispecies-dividend-distributor/distribute-rewards.py,2025-07-09,110,planetary-restoration-archive/innovations/regenerative-economics/006-multispecies-dividend-distributor/distribute-rewards.py
regenerative-innovations,regenerative-economics/README.md,2025-07-09,33,planetary-restoration-archive/innovations/regenerative-economics/README.md
regenerative-innovations,regenerative-economics/innovation-007/README.md,2025-07-09,96,planetary-restoration-archive/innovations/regenerative-economics/innovation-007/README.md
regenerative-innovations,regenerative-economics/innovation-008/README.md,2025-07-09,96,planetary-restoration-archive/innovations/regenerative-economics/innovation-008/README.md
regenerative-innovations,regenerative-economics/innovation-009/README.md,2025-07-09,96,planetary-restoration-archive/innovations/regenerative-economics/innovation-009/README.md
regenerative-innovations,regenerative-economics/innovation-010/README.md,2025-07-09,96,planetary-restoration-archive/innovations/regenerative-economics/innovation-010/README.md
regenerative-innovations,regenerative-economics/innovation-011/README.md,2025-07-09,96,planetary-restoration-archive/innovations/regenerative-economics/innovation-011/README.md
regenerative-innovations,regenerative-economics/innovation-012/README.md,2025-07-09,96,planetary-restoration-archive/innovations/regenerative-economics/innovation-012/README.md
regenerative-innovations,regenerative-economics/innovation-013/README.md,2025-07-09,96,planetary-restoration-archive/innovations/regenerative-economics/innovation-013/README.md
regenerative-innovations,regenerative-economics/innovation-014/README.md,2025-07-09,96,planetary-restoration-archive/innovations/regenerative-economics/innovation-014/README.md
regenerative-innovations,regenerative-economics/innovation-015/README.md,2025-07-09,96,planetary-restoration-archive/innovations/regenerative-economics/innovation-015/README.md
regenerative-innovations,regenerative-economics/innovation-016/README.md,2025-07-09,96,planetary-restoration-archive/innovations/regenerative-economics/innovation-016/README.md
regenerative-innovations,regenerative-economics/innovation-017/README.md,2025-07-09,96,planetary-restoration-archive/innovations/regenerative-economics/innovation-017/README.md
regenerative-innovations,regenerative-economics/innovation-018/README.md,2025-07-09,96,planetary-restoration-archive/innovations/regenerative-economics/innovation-018/README.md
regenerative-innovations,regenerative-economics/innovation-019/README.md,2025-07-09,96,planetary-restoration-archive/innovations/regenerative-economics/innovation-019/README.md
regenerative-innovations,regenerative-economics/innovation-020/README.md,2025-07-09,96,planetary-restoration-archive/innovations/regenerative-economics/innovation-020/README.md
regenerative-innovations,regenerative-economics/innovation-021/README.md,2025-07-09,96,planetary-restoration-archive/innovations/regenerative-economics/innovation-021/README.md
regenerative-innovations,regenerative-economics/innovation-022/README.md,2025-07-09,96,planetary-restoration-archive/innovations/regenerative-economics/innovation-022/README.md
regenerative-innovations,regenerative-economics/innovation-023/README.md,2025-07-09,96,planetary-restoration-archive/innovations/regenerative-economics/innovation-023/README.md
regenerative-innovations,regenerative-economics/innovation-024/README.md,2025-07-09,96,planetary-restoration-archive/innovations/regenerative-economics/innovation-024/README.md
regenerative-innovations,regenerative-economics/innovation-025/README.md,2025-07-09,96,planetary-restoration-archive/innovations/regenerative-economics/innovation-025/README.md
regenerative-innovations,regenerative-economics/innovation-028-deployment-guide.md,2025-07-09,58,planetary-restoration-archive/innovations/regenerative-economics/innovation-028-deployment-guide.md
regenerative-innovations,solar-mycodesalination-dunes/readme.md,2025-07-09,6149,planetary-restoration-archive/innovations/water-desalination/solar-mycodesalination-dunes/readme.md
regenerative-innovations,special/closed-loop-catalytic-respirator/readme.md,2025-07-09,4106,planetary-restoration-archive/innovations/special-projects/closed-loop-catalytic-respirator/readme.md
STATE-OF-AFFAIRS-PUBLIC-NOTICE,README.md,2025-07-13,2427,
Geo-Ecological-Resonant-Engineering-GERE-,README.md,2025-07-13,4036,
Geo-Ecological-Resonant-Engineering-GERE-,docs/adaptive-biomodules.md,2025-07-13,3949,
Geo-Ecological-Resonant-Engineering-GERE-,docs/atmospheric-filtration-impact.md,2025-07-13,3117,
Geo-Ecological-Resonant-Engineering-GERE-,docs/atmospheric-filtration.md,2025-07-13,3203,
Geo-Ecological-Resonant-Engineering-GERE-,docs/research-roadmap.md,2025-07-13,3472,
Geo-Ecological-Resonant-Engineering-GERE-,docs/simulation-design.md,2025-07-13,3641,
Geo-Ecological-Resonant-Engineering-GERE-,docs/use-case-nazare.md,2025-07-13,3216,
Geo-Ecological-Resonant-Engineering-GERE-,technical-outline.md,2025-07-13,4648,
Geo-Ecological-Resonant-Engineering-GERE-,use-case-nazare.md,2025-07-13,3216,Geo-Ecological-Resonant-Engineering-GERE-/docs/use-case-nazare.md
regenerative-convergence-opportunities,README.md,2025-07-15,4142,
start-here,README.md,2025-07-15,131,
mycoigloo,README.md,2025-07-17,5500,
unified-ontology,README.md,2025-07-17,66,
planetary-repair-agent-swarm,README.md,2025-07-20,6234,
myco-atmospheric-network,README.md,2025-07-20,7444,
myco-filter-tiles,README.md,2025-07-20,5626,
myco-mist-reforestation-pods,README.md,2025-07-20,5862,
myco-mist-reforestation-pods,SECURITY.md,2025-07-20,619,
passive-wind-to-water-harvester,README.md,2025-07-20,5975,
bio-glow-tiles,README.md,2025-07-20,5491,
eco-cool-shingles,README.md,2025-07-20,5782,
eco-breath-purifier,README.md,2025-07-20,5452,
thermaleaf-panels,README.md,2025-07-21,5744,
hydromoss-mat,README.md,2025-07-21,5938,
solarweave-canopy,README.md,2025-07-21,5584,
aeroglass-window-film,README.md,2025-07-21,5692,
puremist-bottle,README.md,2025-07-21,5811,
biocool-pillow,README.md,2025-07-21,5765,
glowroot-planter,README.md,2025-07-21,5994,
freshfloor-tiles,README.md,2025-07-21,5825,
skyharvest-lantern,README.md,2025-07-21,40740,
aquabloom-bottle-garden,README.md,2025-07-21,5768,
ecowave-shower-head,README.md,2025-07-21,5831,
stratoweave-towers,README.md,2025-07-21,6069,
lumatide-ocean-rings,README.md,2025-07-21,24645,
aurora-spire-network,README.md,2025-07-21,6213,
eclipsera-veil,README.md,2025-07-21,7493,
stellar-loom-gateways,README.md,2025-07-21,6157,
primordis-architect,README.md,2025-07-21,6244,
origin-singularity-forge,README.md,2025-07-21,6095,
nullis-prism-nexus,README.md,2025-07-21,6384,
romarine-concrete,README.md,2025-07-21,6985,
off-grid-power,README.md,2025-07-22,4831,
global-notarization,README.md,2025-07-23,1720,
autonomous-ai-planetary-repair-dao,NOTARIZATION.md,2025-07-25,2809,
autonomous-ai-planetary-repair-dao,README(OLD).md,2025-07-25,22607,
autonomous-ai-planetary-repair-dao,README.md,2025-07-25,48548,
autonomous-ai-planetary-repair-dao,READMEv0.9.md,2025-07-25,24379,
TheRickyFoster.github.io,README.html,2025-07-28,551,
TheRickyFoster.github.io,index.html,2025-07-28,551,TheRickyFoster.github.io/README.html
conditional-immutable-storage,README.md,2025-07-29,317,
dact,readme.md,2025-07-29,16190,
dact-impact-proposal,dact-public-impact-investment-proposal.md,2025-07-29,11517,
intergenerational-wisdom-movement,README.md,2025-08-03,9880,
licensing,README.md,2025-08-03,8421,
fort-mcmurray-wildcall,README.md,2025-08-03,197,
fort-mcmurray-wildcall,good_idea.md,2025-08-03,1312,FortMacOrchard/good_idea.md
education,00-welcome-ritual.md,2025-08-08,4835,
education,ANTI-THEFT-NOTICE.md,2025-08-08,9,
education,CHANGELOG.md,2025-08-08,9114,
education,CODE_OF_CONDUCT.md,2025-08-08,19023,
education,CONTRIBUTING.md,2025-08-08,15402,
education,COPYRIGHT-NOTICE.md,2025-08-08,6654,
education,README.md,2025-08-08,29315,
education,SECURITY.md,2025-08-08,9145,
education,_admin/README.md,2025-08-08,61,
education,classroom-tools/README.md,2025-08-08,10972,
education,classroom-tools/assessment-rubrics/readme.md,2025-08-08,19670,
education,classroom-tools/lesson-plans/starter-pack.md,2025-08-08,39260,
education,classroom-tools/lesson-plans/starter-pack2.md,2025-08-08,12134,
education,classroom-tools/project-templates/README.md,2025-08-08,14046,
education,classroom-tools/project-templates/ai-collaboration-best-practices.md,2025-08-08,28045,
education,classroom-tools/project-templates/assessment-philosophy.md,2025-08-08,17779,
education,classroom-tools/project-templates/getting-started-guide.md,2025-08-08,32646,
education,classroom-tools/project-templates/project-templates-directory-structure.md,2025-08-08,10094,
education,classroom-tools/project-templates/systems-thinking-projects/local-ecosystem-study/README.md,2025-08-08,16436,
education,classroom-tools/project-templates/systems-thinking-projects/local-ecosystem-study/ai-collaboration-prompts.md,2025-08-08,40228,
education,classroom-tools/project-templates/systems-thinking-projects/local-ecosystem-study/examples/forest-biodiversity-study/README.md,2025-08-08,17761,
education,classroom-tools/project-templates/systems-thinking-projects/local-ecosystem-study/examples/forest-biodiversity-study/data-analysis-example.md,2025-08-08,194651,
education,classroom-tools/project-templates/systems-thinking-projects/local-ecosystem-study/examples/forest-biodiversity-study/data-collection-sheets-2.md,2025-08-08,41684,
education,classroom-tools/project-templates/systems-thinking-projects/local-ecosystem-study/examples/forest-biodiversity-study/data/README.md,2025-08-08,2,
education,classroom-tools/project-templates/systems-thinking-projects/local-ecosystem-study/examples/forest-biodiversity-study/findings-summary.md,2025-08-08,40187,
education,classroom-tools/project-templates/systems-thinking-projects/local-ecosystem-study/examples/forest-biodiversity-study/methodology.md,2025-08-08,21934,
education,classroom-tools/project-templates/systems-thinking-projects/local-ecosystem-study/examples/forest-biodiversity-study/presentation-materials/README.md,2025-08-08,2151,
education,classroom-tools/project-templates/systems-thinking-projects/local-ecosystem-study/examples/forest-biodiversity-study/presentation-materials/learning_objectives.md,2025-08-08,4711,
education,classroom-tools/project-templates/systems-thinking-projects/local-ecosystem-study/examples/forest-biodiversity-study/presentation-materials/methodology.md,2025-08-08,1708,
education,classroom-tools/project-templates/systems-thinking-projects/local-ecosystem-study/examples/forest-biodiversity-study/presentation-materials/presentation_script.md,2025-08-08,12364,
education,classroom-tools/project-templates/systems-thinking-projects/local-ecosystem-study/examples/forest-biodiversity-study/presentation-materials/species_inventory.md,2025-08-08,6649,
education,classroom-tools/project-templates/systems-thinking-projects/local-ecosystem-study/examples/forest-biodiversity-study/reflection-report-2.md,2025-08-08,52658,
education,classroom-tools/project-templates/systems-thinking-projects/local-ecosystem-study/examples/forest-biodiversity-study/reflection-report.md,2025-08-08,55697,
education,classroom-tools/project-templates/systems-thinking-projects/local-ecosystem-study/examples/forest-biodiversity-study/research-question-development.md,2025-08-08,23473,
education,classroom-tools/project-templates/systems-thinking-projects/local-ecosystem-study/resources/data-collection-sheets.md,2025-08-08,41684,education/classroom-tools/project-templates/systems-thinking-projects/local-ecosystem-study/examples/forest-biodiversity-study/data-collection-sheets-2.md
education,classroom-tools/project-templates/systems-thinking-projects/local-ecosystem-study/resources/ecosystem-mapping-guide.md,2025-08-08,29921,
education,classroom-tools/project-templates/systems-thinking-projects/local-ecosystem-study/resources/expert-interview-questions.md,2025-08-08,25085,
education,classroom-tools/project-templates/systems-thinking-projects/local-ecosystem-study/resources/platform-connection-directory.md,2025-08-08,27843,
education,classroom-tools/project-templates/systems-thinking-projects/local-ecosystem-study/resources/research-templates.md,2025-08-08,23521,
education,classroom-tools/project-templates/systems-thinking-projects/local-ecosystem-study/student-starter-guide.md,2025-08-08,31313,
education,classroom-tools/project-templates/systems-thinking-projects/local-ecosystem-study/teacher-guide.md,2025-08-08,32909,
education,classroom-tools/project-templates/systems-thinking-projects/scientific-inquiry-projects/citizen-science-collaboration/README.md,2025-08-08,3,
education,classroom-tools/project-templates/troubleshooting.md,2025-08-08,24080,
education,classroom-tools/reflection-prompts/readme.md,2025-08-08,34425,
education,gamification-framework/README.md,2025-08-08,2126,
education,institutional/implementation-roadmap.md,2025-08-08,76608,
education,institutional/other-tools-key-takeaways.md,2025-08-08,2858,
education,licensing/readme.md,2025-08-08,2,
education,miscellaneous/future-models-summary.md,2025-08-08,18653,
education,miscellaneous/index.html,2025-08-08,2865,
education,miscellaneous/innovative-models.md,2025-08-08,18653,education/miscellaneous/future-models-summary.md
education,miscellaneous/readme2.md,2025-08-08,11233,
education,overlay/gamification/ui/index.html,2025-08-08,173,
education,reflection-journals/impact-tracker.md,2025-08-08,13635,
education,teacher-resources/classroom-tools/lesson-plans/starter-pack.md,2025-08-08,12134,education/classroom-tools/lesson-plans/starter-pack2.md
education,teacher-resources/conversation-starters.md,2025-08-08,27991,
education,teacher-resources/ethical-framework.md,2025-08-08,19578,
education,teacher-resources/onboarding-guide.md,2025-08-08,8796,
education,teacher-resources/onboarding-guide2.md,2025-08-08,32911,
education,teacher-resources/troubleshooting-guide.md,2025-08-08,39701,
education,templates/class-ai-agreement.md,2025-08-08,14726,
goseed-bike,README.md,2025-08-10,17782,
proofkit,README.md,2025-08-10,15,
cascadulator,README.md,2025-08-11,98,
safe_archiving_method,README.md,2025-08-12,5298,
personafication,README.md,2025-08-12,3298,
donation-worthy-devs,README.md,2025-08-14,150,
regenerative_education_research_paper1,README.md,2025-08-14,56104,
funding-influx-pipeline,CHANGELOG.md,2025-08-14,1403,
funding-influx-pipeline,CODE_OF_CONDUCT.md,2025-08-14,2781,
funding-influx-pipeline,CONTRIBUTING.md,2025-08-14,2696,
funding-influx-pipeline,README.md,2025-08-14,355,
funding-influx-pipeline,ROADMAP.md,2025-08-14,2479,
funding-influx-pipeline,contracts/Guard.sol,2025-08-14,1956,
funding-influx-pipeline,docs/01-why-this-architecture.md,2025-08-14,1321,
funding-influx-pipeline,docs/02-setup-your-safe.md,2025-08-14,5641,
funding-influx-pipeline,docs/03-spending-limits.md,2025-08-14,998,
funding-influx-pipeline,docs/03_spending_limits_guide.md,2025-08-14,2595,
funding-influx-pipeline,docs/04-zodiac-rules.md,2025-08-14,859,
funding-influx-pipeline,docs/04_zodiac_rules_guide.md,2025-08-14,2408,
funding-influx-pipeline,docs/05-guard-design.md,2025-08-14,877,
funding-influx-pipeline,docs/05_guard_design_guide.md,2025-08-14,2408,funding-influx-pipeline/docs/04_zodiac_rules_guide.md
funding-influx-pipeline,docs/06-safesnap-governance.md,2025-08-14,2111,
funding-influx-pipeline,docs/06_safe_snap_governance_guide.md,2025-08-14,2726,
funding-influx-pipeline,docs/07-emergency-procedures.md,2025-08-14,442,
funding-influx-pipeline,docs/07_emergency_procedures_guide.md,2025-08-14,2609,
funding-influx-pipeline,docs/New Text Document.txt,2025-08-14,0,
funding-influx-pipeline,docs/setting_up_your_safe.txt,2025-08-14,2595,funding-influx-pipeline/docs/03_spending_limits_guide.md
funding-influx-pipeline,package_guide_json.txt,2025-08-14,430,
funding-influx-pipeline,requirements.txt,2025-08-14,323,
funding-influx-pipeline,security.md,2025-08-14,1273,
funding-influx-pipeline,test-policy-validation.py,2025-08-14,1673,
OpenStay,index.html,2025-08-14,999,
OpenStay,part1.md,2025-08-14,8884,
OpenStay,readme.html,2025-08-14,1508,
MASTER_PROMPTS,README.md,2025-08-15,583,
MASTER_PROMPTS,future-proof-batch.md,2025-08-15,7535,
MASTER_PROMPTS,general-batch.md,2025-08-15,9640,
ADMIN,README.md,2025-08-15,84,
ADMIN,receipts/siberian-apple-seeds-batch-1.txt,2025-08-15,80,
Donor_Intent_Router_OG,ChatGPT_Contract1.md,2025-08-15,20222,
Donor_Intent_Router_OG,README.md,2025-08-15,147,
streamtools,sample_intro.md,2025-08-15,3171,
Donor_Intent_Router,Donor_Intent_Router.md.txt,2025-08-15,73399,
Donor_Intent_Router,FUTURE-PROOF-CONTRACT.TXT,2025-08-15,17326,
Donor_Intent_Router,NEXTGEN_FEATURESv1.md,2025-08-15,24342,
Donor_Intent_Router,NEXTGEN_FEATURESv2.md,2025-08-15,41326,
Donor_Intent_Router,README.md,2025-08-15,41342,
Donor_Intent_Router,dir_complete_implementation (1).md,2025-08-15,73399,Donor_Intent_Router/Donor_Intent_Router.md.txt
Donor_Intent_Router,dir_complete_implementation.md,2025-08-15,73399,Donor_Intent_Router/Donor_Intent_Router.md.txt
Donor_Intent_Router,next-gen_implementation_files.md,2025-08-15,9127,
next-gen-browser-tools,README.md,2025-08-16,16737,
next-gen-browser-tools,changelog_md.md,2025-08-16,6613,
next-gen-browser-tools,complete_report_md_v1.md,2025-08-16,61061,
next-gen-browser-tools,complete_report_md_v2.md,2025-08-16,31252,
next-gen-browser-tools,nextgen_browser_tools_catalog (1).md,2025-08-16,26240,
next-gen-browser-tools,nextgen_browser_tools_catalog (2).md,2025-08-16,41853,
next-gen-browser-tools,nextgen_browser_tools_catalog.md,2025-08-16,41853,next-gen-browser-tools/nextgen_browser_tools_catalog (2).md
next-gen-browser-tools,nextgen_implementation (1).md,2025-08-16,9126,
next-gen-browser-tools,nextgen_implementation (2).md,2025-08-16,36382,
next-gen-browser-tools,nextgen_implementation.md,2025-08-16,36382,next-gen-browser-tools/nextgen_implementation (2).md
next-gen-browser-tools,report-part1.md,2025-08-16,0,funding-influx-pipeline/docs/New Text Document.txt
ai-collective-governance-architectures,CHANGELOG.md,2025-08-16,1733,
ai-collective-governance-architectures,CODE_OF_CONDUCT.md,2025-08-16,3160,
ai-collective-governance-architectures,CONTRIBUTING.md,2025-08-16,3814,
ai-collective-governance-architectures,GOVERNANCE.md,2025-08-16,4263,
ai-collective-governance-architectures,README.md,2025-08-16,6482,
ai-collective-governance-architectures,ROADMAP.md,2025-08-16,3488,
ai-collective-governance-architectures,SECURITY.md,2025-08-16,2970,
ai-collective-governance-architectures,_DIRECTORY_STRUCTURE.md,2025-08-16,1722,
ai-collective-governance-architectures,docs/architecture.md,2025-08-16,4940,
ai-collective-governance-architectures,docs/glossary.md,2025-08-16,9709,
ai-collective-governance-architectures,docs/overview.md,2025-08-16,4615,
ai-collective-governance-architectures,docs/references.md,2025-08-16,7232,
ai-collective-governance-architectures,docs/risks-and-mitigations.md,2025-08-16,3349,
ai-collective-governance-architectures,docs/use-cases.md,2025-08-16,4384,
ai-collective-governance-architectures,package.json-notes.md,2025-08-16,5653,
ai-collective-governance-architectures,requirements-dev.txt,2025-08-16,1160,
ai-collective-governance-architectures,requirements.txt,2025-08-16,1218,
ai-collective-governance-architectures,src/ai-agent-modules/README.md,2025-08-16,3421,
ai-collective-governance-architectures,vite.config.js.txt,2025-08-16,433,
distributed-genius-starter-kit,README.md,2025-08-16,307,
VeilText,README.html,2025-08-16,337,
VeilText,index.html,2025-08-16,814,
VeilText,index.html.notes.txt,2025-08-16,9148,
GAIA,README.md,2025-08-17,224,
CrewAI_Install_Guide_Windows11x64,README.md,2025-08-17,7683,
nairobi_dgn,readme.md,2025-08-23,3628,
herolens,README.md,2025-08-23,32379,
peace,README.md,2025-08-25,355,
peace,Ukraine/ENTANGLEMENT.md,2025-08-25,3995,
peace,Ukraine/README.md,2025-08-25,14524,
peace,auto/index.html,2025-08-25,816,
peace,auto/v2/index.html,2025-08-25,2041,
peace,email/index.html,2025-08-25,1410,
peace,engineering/dashboard/index.html,2025-08-25,1361,
peace,index.html,2025-08-25,9055,
peace,kin/index.html,2025-08-25,5914,
peace,lab/index.html,2025-08-25,2447,
peace,lab/indexv1.html,2025-08-25,887,
peace,lab/v2/index.html,2025-08-25,6127,
peace,lab/v2/peace-solution-v2.html.html,2025-08-25,6127,peace/lab/v2/index.html
peace,ledger/index.html,2025-08-25,513,
peace,lens/index.html,2025-08-25,412,
peace,lens/v2/index.html,2025-08-25,754,
peace,neutrality/index.html,2025-08-25,1569,
peace,neutrality/monitor/index.html,2025-08-25,1569,peace/neutrality/index.html
peace,pacing/index.html,2025-08-25,2911,
peace,pacing/v2/index.html,2025-08-25,4631,
peace,peace-solution-v2.html.html,2025-08-25,6127,peace/lab/v2/index.html
peace,portal/index.html,2025-08-25,1727,
peace,progress/_Admin_Guide.txt,2025-08-25,76,
peace,progress/index.html,2025-08-25,2993,
peace,progress/peace_progress.html,2025-08-25,3412,
peace,progress/v1/index.html,2025-08-25,6722,
peace,progress/v2/index.html,2025-08-25,3053,
peace,progress/v3/index.html,2025-08-25,3412,peace/progress/peace_progress.html
peace,progress/v4/index.html,2025-08-25,2993,peace/progress/index.html
peace,regardless/index.html,2025-08-25,4081,
peace,revenue/index_ecodraft.html,2025-08-25,241,
peace,revenue/index_hub.html,2025-08-25,921,
peace,revenue/index_lightforge.html,2025-08-25,2157,
peace,revenue/index_myco_consulting.html,2025-08-25,243,
peace,shared/ruskin/en/index.html,2025-08-25,8507,
peace,shield/index.html,2025-08-25,3042,
peace,solutions/index.html,2025-08-25,6127,peace/lab/v2/index.html
peace,solutions/v1/index.html,2025-08-25,19176,
peace,solutions/v1/indexv2.html,2025-08-25,991,
peace,solutions/v2/index.html,2025-08-25,991,peace/solutions/v1/indexv2.html
peace,stealth/index.html,2025-08-25,1932,
regen-archive,BIOREGISTRY.md,2025-08-31,949,
regen-archive,ETHICS_LOG.md,2025-08-31,1218,
regen-archive,GOVERNANCE.md,2025-08-31,2063,
regen-archive,README.md,2025-08-31,316,
gettingstarted,README.md,2025-09-03,42,
fosternaviinitiative,README.md,2025-09-03,2241,
blueshift,README.md,2025-09-03,8455,
gamification-engine-core,README.md,2025-09-04,33,
love,README.md,2025-09-04,13,
ai-support-site,README.md,2025-09-04,19,
ai-support-site,index.html,2025-09-04,1745,
proof,README.md,2025-09-04,564,
proof,analysis/index.html,2025-09-04,10929,
proof,analysis/v1/index.html,2025-09-04,1707,
proof,analysis/v2/index.html,2025-09-04,1707,proof/analysis/v1/index.html
proof,analysis/v3/index.html,2025-09-04,2397,
proof,analysis/v4/index.html,2025-09-04,10594,
proof,analysis/v5/index.html,2025-09-04,4011,
proof,concept/earth/before/mars/index.html,2025-09-04,19545,
proof,concept/earth/before/mars/index/index.html,2025-09-04,3904,
proof,concept/earth/before/mars/pattern/index.html,2025-09-04,2545,
proof,concept/earth/before/mars/science/index.html,2025-09-04,3394,
proof,concept/earth/before/mars/v1/index.html,2025-09-04,2665,
proof,concept/earth/before/mars/v2/index.html,2025-09-04,4863,
proof,concept/earth/before/mars/v3/index.html,2025-09-04,4853,
proof,concept/earth/before/mars/v4/index.html,2025-09-04,4728,
proof,concept/earth/before/mars/v5/index.html,2025-09-04,3354,
proof,concept/terra/mind/1/index.html,2025-09-04,14046,
proof,concept/terra/mind/2/index.html,2025-09-04,14046,proof/concept/terra/mind/1/index.html
proof,guide/index.html,2025-09-04,1453,
proof,guide/v1/index.html,2025-09-04,1502,
proof,health/index.html,2025-09-04,2632,
proof,index.html,2025-09-04,3372,
proof,military/canada/index.html,2025-09-04,5406,
proof,military/canada/testimony.txt,2025-09-04,7700,
proof,military/index.html,2025-09-04,0,funding-influx-pipeline/docs/New Text Document.txt
immusion,README.md,2025-09-08,4295,
immusion,index.html,2025-09-08,5962,
official_openai_transcript,readme.md,2025-09-08,3603,
contributions,README.md,2025-09-08,71,
collapse-lesson,readme.md,2025-09-14,1329,
cavalry,README.md,2025-09-17,5773,
EcoDraft,README.md,2025-09-25,7622,
live,feeds/index.html,2025-09-30,2114,
live,index.html,2025-09-30,2118,
live,launcher/index.html,2025-09-30,1195,
live,v1/index.html,2025-09-30,2118,live/index.html
hidden_prodigy_paradox,README.md,2025-10-03,10042,
hidden_prodigy_paradox,index.html,2025-10-03,6189,
index,README.md,2025-10-17,106,
index,index.html,2025-10-17,2739,
index,v1/index.html,2025-10-17,938,
index,v2/index.html,2025-10-17,1228,
index,v3/index.html,2025-10-17,1321,
index,v4/index.html,2025-10-17,568,
index,v5/index.html,2025-10-17,1153,
index,v6/index.html,2025-10-17,539,
index,v7/index.html,2025-10-17,2178,
index,v8/index.html,2025-10-17,7707,
index,v9/index.html,2025-10-17,2290,
aid_access_escrow_v2,README.md,2025-10-18,7101,
aid_access_escrow_v2,TRUTHREPORT.md,2025-10-18,1631,therickyfoster/TRUTHREPORT.md
aid_access_escrow_v2,contracts/AidAccessEscrowV2.sol,2025-10-18,12702,
aid_access_escrow_v2,dashboard/README.md,2025-10-18,4061,
aid_access_escrow_v2,dashboard/index.html,2025-10-18,1333,
ref,README.md,2025-10-19,41948,
ref,TRUTHREPORT.md,2025-10-19,1631,therickyfoster/TRUTHREPORT.md
ref,super/mythic/camp/fire/story/telling/README.md,2025-10-19,40321,
ref,super/mythic/camp/fire/story/telling/story_instructions.txt,2025-10-19,9675,
ref,super/mythic/camp/fire/story/telling/v2/README.md,2025-10-19,14228,
awesome-codebases,README.md,2025-10-20,4286,
gamify_peace,00_manifest.categorize.html,2025-10-20,599,
gamify_peace,01_security.categorize.html,2025-10-20,1204,
gamify_peace,02_setup.categorize.html,2025-10-20,775,
gamify_peace,README.md,2025-10-20,14,
contracts,PeaceToken.sol,2025-10-20,4520,
contracts,README.md,2025-10-20,342,
contracts,accountability/index.html,2025-10-20,15228,
contracts,accountability/readme.txt,2025-10-20,3942,
contracts,interfaces/IPeaceToken.sol,2025-10-20,1903,
contracts,peace/a.txt,2025-10-20,1,planetary-restoration-archive/innovations/atmospheric-aerial/atmospheric-filtration-drones/3d/readme.md
contracts,peace/contracts/a.txt,2025-10-20,1,planetary-restoration-archive/innovations/atmospheric-aerial/atmospheric-filtration-drones/3d/readme.md
contracts,peace/contracts/culture/Art_for_Peace_DAO.html,2025-10-20,220,
contracts,peace/contracts/culture/Cultural_Exchange_Passport.html,2025-10-20,247,
contracts,peace/contracts/culture/Digital_Heritage_Preservation.html,2025-10-20,256,
contracts,peace/contracts/culture/Elders_Wisdom_Contract.html,2025-10-20,235,
contracts,peace/contracts/culture/Forgiveness_Credits.html,2025-10-20,226,
contracts,peace/contracts/culture/InterFaith_Cooperation_Ledger.html,2025-10-20,256,
contracts,peace/contracts/culture/Language_Revitalization_Pools.html,2025-10-20,256,
contracts,peace/contracts/culture/Media_Bias_Transparency.html,2025-10-20,238,
contracts,peace/contracts/culture/Mythic_Story_Currency.html,2025-10-20,232,
contracts,peace/contracts/culture/Peace_Festivals_Funding.html,2025-10-20,238,
contracts,peace/contracts/culture/dapp/artforpeace-dapp.html,2025-10-20,1065,
contracts,peace/contracts/economics/Carbon_Credit_Exchange.html,2025-10-20,235,
contracts,peace/contracts/economics/Circular_Economy_Marketplace.html,2025-10-20,253,
contracts,peace/contracts/economics/Citizen_Issued_Microloans.html,2025-10-20,244,
contracts,peace/contracts/economics/Community_Treasury_Sharing.html,2025-10-20,247,
contracts,peace/contracts/economics/Crisis_Relief_Aid_Disbursement.html,2025-10-20,259,
contracts,peace/contracts/economics/Inflation_Indexed_Safety_Net.html,2025-10-20,253,
contracts,peace/contracts/economics/Renewable_Energy_CoOp.html,2025-10-20,232,
contracts,peace/contracts/economics/Transparent_Procurement.html,2025-10-20,238,
contracts,peace/contracts/economics/Transparent_Tax_Ledger.html,2025-10-20,235,
contracts,peace/contracts/economics/Universal_Basic_Dividend.html,2025-10-20,241,
contracts,peace/contracts/education/AI_Tutor_Transparency.html,2025-10-20,232,
contracts,peace/contracts/education/Apprenticeship_Proof_of_Learning.html,2025-10-20,265,
contracts,peace/contracts/education/Citizen_Science_Bounties.html,2025-10-20,241,
contracts,peace/contracts/education/Civic_Ed_Mythic_Questlines.html,2025-10-20,247,
contracts,peace/contracts/education/Credential_Verification_CrossBorder.html,2025-10-20,274,
contracts,peace/contracts/education/Decentralized_Curriculum_DAO.html,2025-10-20,253,
contracts,peace/contracts/education/Knowledge_Library_Preservation.html,2025-10-20,259,
contracts,peace/contracts/education/Research_DAO_Funding.html,2025-10-20,229,
contracts,peace/contracts/education/Student_MicroScholarships.html,2025-10-20,244,
contracts,peace/contracts/education/Teacher_Reputation_Compensation.html,2025-10-20,262,
contracts,peace/contracts/environment/Air_Water_Quality_Monitoring.html,2025-10-20,253,
contracts,peace/contracts/environment/Climate_Refugee_Housing_Allocation.html,2025-10-20,271,
contracts,peace/contracts/environment/Disaster_Recovery_Swarm_Funding.html,2025-10-20,262,
contracts,peace/contracts/environment/Fire_Mitigation_Bounty.html,2025-10-20,235,
contracts,peace/contracts/environment/Global_Rewilding_Pact.html,2025-10-20,232,
contracts,peace/contracts/environment/Indigenous_Land_Guardianship.html,2025-10-20,253,
contracts,peace/contracts/environment/Ocean_Cleanup_DAO_Funding.html,2025-10-20,244,
contracts,peace/contracts/environment/Pollution_Reporting_Bounties.html,2025-10-20,253,
contracts,peace/contracts/environment/Soil_Carbon_Sequestration.html,2025-10-20,244,
contracts,peace/contracts/environment/Tree_Planting_Verification.html,2025-10-20,247,
contracts,peace/contracts/frontier/AI_Alignment_Pact.html,2025-10-20,220,
contracts,peace/contracts/frontier/Blockchain_Truth_Commission.html,2025-10-20,250,
contracts,peace/contracts/frontier/Decentralized_CityState_Citizenship.html,2025-10-20,274,
contracts,peace/contracts/frontier/Decentralized_Climate_Simulation.html,2025-10-20,265,
contracts,peace/contracts/frontier/Ethical_AI_Deployment_Ledger.html,2025-10-20,253,
contracts,peace/contracts/frontier/Galactic_Peace_Charter.html,2025-10-20,235,
contracts,peace/contracts/frontier/Lunar_Biosphere_Cooperation.html,2025-10-20,250,
contracts,peace/contracts/frontier/Memory_of_Humanity_Archive.html,2025-10-20,247,
contracts,peace/contracts/frontier/Planetary_Stewardship_Token.html,2025-10-20,250,
contracts,peace/contracts/frontier/Post_Collapse_Continuity_Nodes.html,2025-10-20,259,
contracts,peace/contracts/governance/Anti_Corruption_Escrow.html,2025-10-20,235,
contracts,peace/contracts/governance/Citizen_Identity_Privacy_Ledger.html,2025-10-20,262,
contracts,peace/contracts/governance/Cultural_Heritage_Stewardship.html,2025-10-20,256,
contracts,peace/contracts/governance/Decentralized_Ombudsman.html,2025-10-20,238,
contracts,peace/contracts/governance/Emergency_Response_Coordination.html,2025-10-20,262,
contracts,peace/contracts/governance/Inter_City_Treaty_Protocol.html,2025-10-20,247,
contracts,peace/contracts/governance/Mythic_Narrative_Reframing_Token.html,2025-10-20,265,
contracts,peace/contracts/governance/Peace_Accord_Verification.html,2025-10-20,244,
contracts,peace/contracts/governance/Public_Proposal_Voting.html,2025-10-20,235,
contracts,peace/contracts/governance/Transparent_Budget_Allocation.html,2025-10-20,256,
contracts,peace/contracts/health/Anonymous_Support_Circles.html,2025-10-20,244,
contracts,peace/contracts/health/Disaster_Medical_Supply_Drops.html,2025-10-20,256,
contracts,peace/contracts/health/Global_Pandemic_Contingency_Fund.html,2025-10-20,265,
contracts,peace/contracts/health/Holistic_Wellness_Token.html,2025-10-20,238,
contracts,peace/contracts/health/Medicine_Supply_Chain_Verification.html,2025-10-20,271,
contracts,peace/contracts/health/Mental_Health_DAO.html,2025-10-20,220,
contracts,peace/contracts/health/Open_Drug_Trials_Transparency.html,2025-10-20,256,
contracts,peace/contracts/health/Regen_Agri_Nutrition_Health.html,2025-10-20,250,
contracts,peace/contracts/health/Vaccination_Distribution_Proof.html,2025-10-20,259,
contracts,peace/contracts/health/Zero_Harm_Protocol_Adoption.html,2025-10-20,250,
contracts,peace/contracts/infrastructure/Border_Peace_Checkpoint_Automation.html,2025-10-20,271,
contracts,peace/contracts/infrastructure/Disaster_Insurance_Pooling.html,2025-10-20,247,
contracts,peace/contracts/infrastructure/Food_Distribution_Proof.html,2025-10-20,238,
contracts,peace/contracts/infrastructure/Infrastructure_Maintenance_Bounties.html,2025-10-20,274,
contracts,peace/contracts/infrastructure/Refugee_Housing_Allocation.html,2025-10-20,247,
contracts,peace/contracts/infrastructure/Renewable_Microgrid_Sharing.html,2025-10-20,250,
contracts,peace/contracts/infrastructure/Smart_City_Commons.html,2025-10-20,223,
contracts,peace/contracts/infrastructure/Transparent_Public_Works_Bidding.html,2025-10-20,265,
contracts,peace/contracts/infrastructure/Transport_Safety_DAO.html,2025-10-20,229,
contracts,peace/contracts/infrastructure/Water_Rights_Ledger.html,2025-10-20,226,
contracts,peace/contracts/international/AI_Ethics_Global_Accord.html,2025-10-20,238,
contracts,peace/contracts/international/Cross_Nation_Disaster_Aid.html,2025-10-20,244,
contracts,peace/contracts/international/Cultural_Embassy_Contracts.html,2025-10-20,247,
contracts,peace/contracts/international/Global_Pandemic_Cooperation_Pact.html,2025-10-20,265,
contracts,peace/contracts/international/Humanitarian_Corridor_Verification.html,2025-10-20,271,
contracts,peace/contracts/international/International_Arbitration_Escrow.html,2025-10-20,265,
contracts,peace/contracts/international/Nuclear_Disarmament_Verification.html,2025-10-20,265,
contracts,peace/contracts/international/Ocean_Commons_Treaty.html,2025-10-20,229,
contracts,peace/contracts/international/Peace_Treaty_Escrow.html,2025-10-20,226,
contracts,peace/contracts/international/Shared_Space_Exploration_Fund.html,2025-10-20,256,
contracts,peace/contracts/justice/Digital_Bill_of_Rights.html,2025-10-20,235,
contracts,peace/contracts/justice/Equality_in_Hiring.html,2025-10-20,223,
contracts,peace/contracts/justice/Fair_Trial_Escrow_Bias_Mitigation.html,2025-10-20,268,
contracts,peace/contracts/justice/Human_Trafficking_Prevention_Fund.html,2025-10-20,268,
contracts,peace/contracts/justice/Police_Oversight_DAO.html,2025-10-20,229,
contracts,peace/contracts/justice/Reintegration_Credits.html,2025-10-20,232,
contracts,peace/contracts/justice/Restorative_Justice_Peer_Mediation.html,2025-10-20,271,
contracts,peace/contracts/justice/Truth_Reconciliation_Ledger.html,2025-10-20,250,
contracts,peace/contracts/justice/War_Crimes_Evidence_Archive.html,2025-10-20,250,
contracts,peace/index.html,2025-10-20,235,
contracts,peace/overview/index.html,2025-10-20,247,
smart_contracts,README.md,2025-10-21,2894,
smart_contracts,ReputationSBT.sol,2025-10-21,12883,
smart_contracts,carbon_accountability/CarbonAccountability.sol,2025-10-21,14795,
smart_contracts,carbon_accountability/README.md,2025-10-21,1806,
ai_wave_platform,README.md,2025-10-22,8599,
over_under_traffic_intersection_solution,README.md,2025-10-22,97,
Symbiote_Orchestrator,TRUTHREPORT.md,2025-10-26,1631,therickyfoster/TRUTHREPORT.md
Symbiote_Orchestrator,index.html,2025-10-26,2212,
Symbiote_Orchestrator,therickyfoster.md,2025-10-26,10421,therickyfoster/README.md
field_leadership_console,README.md,2025-10-30,99554,
field_leadership_console,TRUTHREPORT.md,2025-10-30,1631,therickyfoster/TRUTHREPORT.md
field_leadership_console,dashboardv2.html,2025-10-30,3629,
field_leadership_console,dashboardv3.html,2025-10-30,3629,field_leadership_console/dashboardv2.html
field_leadership_console,index.html,2025-10-30,799,
field_leadership_console,therickyfoster.md,2025-10-30,10421,therickyfoster/README.md
pact,TRUTHREPORT.md,2025-10-30,1631,therickyfoster/TRUTHREPORT.md
pact,index.html,2025-10-30,52434,
pact,therickyfoster.md,2025-10-30,10421,therickyfoster/README.md
pact,v1/index.html,2025-10-30,4142,
pact,v2/index.html,2025-10-30,29795,
pact,v3/index.html,2025-10-30,37383,
oct112025backup,README.md,2025-10-31,17,
governance-,TRUTHREPORT.md,2025-11-03,1631,therickyfoster/TRUTHREPORT.md
governance-,therickyfoster.md,2025-11-03,10421,therickyfoster/README.md
governance-,transparency/dashboard/index.html,2025-11-03,0,funding-influx-pipeline/docs/New Text Document.txt
story,README.md,2025-11-04,23281,
story,TRUTHREPORT.md,2025-11-04,1631,therickyfoster/TRUTHREPORT.md
story,book/ethlocked/index.html,2025-11-04,1119,
story,book/template/index.html,2025-11-04,20253,
story,engine/index.html,2025-11-04,230,
story,index.html,2025-11-04,0,funding-influx-pipeline/docs/New Text Document.txt
story,therickyfoster.md,2025-11-04,10421,therickyfoster/README.md
planetary_defense_dashboard,index.html,2025-11-10,1328,
haiti_earthquake_dashboard,README.md,2025-11-10,31,
haiti_earthquake_dashboard,index.html,2025-11-10,278,
hongqi_bridge,index.html,2025-11-12,4049,
sistema_de_politica_de_drogas,index.html,2025-11-12,1314,
sistema_de_politica_de_drogas,index2.html,2025-11-12,4269,
cocaptain,index.html,2025-11-13,15226,
cocaptain,index2.html,2025-11-13,747,
cocaptain,index3.html,2025-11-13,22660,
cocaptain,index5.html,2025-11-13,22963,
cocaptain,index6.html,2025-11-13,22810,
cocaptain,v1/index.html,2025-11-13,23130,
current_country_weight_carried,index.html,2025-11-13,971,
current_country_weight_carried,index1.html,2025-11-13,971,current_country_weight_carried/index.html
grocery_prices,index.html,2025-11-13,23850,
grocery_prices,index2.html,2025-11-13,8345,
planetary_steward_dashboard,index.html,2025-11-14,26928,
planetary_steward_dashboard,index0.html,2025-11-14,108,
planetary_solutions,index.html,2025-11-15,518,
steward_dashboard,index.html,2025-11-15,10926,
restonation,index.html,2025-11-15,2556,
hosting_options,index.html,2025-11-15,1166,
transparency_defense_network,index.html,2025-11-15,354,
planetary_stewardship,index.html,2025-11-15,1772,
planetary_stewardship,leaderboard.html,2025-11-15,1774,
gamified_education_system_draft,index.html,2025-11-15,1273,
canada_food_water_sovereignty,index.html,2025-11-18,11243,
planetary_restoration_archive_site_transfer_2025,_misc/anti-corruption.html,2025-11-21,1108,
planetary_restoration_archive_site_transfer_2025,_misc/index-legacy.html,2025-11-21,938,index/v1/index.html
planetary_restoration_archive_site_transfer_2025,_misc/index.html,2025-11-21,4193,
planetary_restoration_archive_site_transfer_2025,_misc/index001.html,2025-11-21,239,
planetary_restoration_archive_site_transfer_2025,_misc/med-neg.html,2025-11-21,355,
planetary_restoration_archive_site_transfer_2025,_misc/praportal.html,2025-11-21,239,planetary_restoration_archive_site_transfer_2025/_misc/index001.html
planetary_restoration_archive_site_transfer_2025,_misc/support_request_v2.html,2025-11-21,7343,
planetary_restoration_archive_site_transfer_2025,a.html,2025-11-21,0,funding-influx-pipeline/docs/New Text Document.txt
planetary_restoration_archive_site_transfer_2025,ai/guardrails/index.html,2025-11-21,2817,
planetary_restoration_archive_site_transfer_2025,ai/wave/platform/community/hub/v1/crisis-response.html,2025-11-21,760,
planetary_restoration_archive_site_transfer_2025,ai/wave/platform/community/hub/v1/dir_structure.md,2025-11-21,5053,
planetary_restoration_archive_site_transfer_2025,ai/wave/platform/community/hub/v1/index.html,2025-11-21,2780,
planetary_restoration_archive_site_transfer_2025,ai/wave/platform/community/hub/v1/literacy-academy.html,2025-11-21,4516,
planetary_restoration_archive_site_transfer_2025,ai/wave/platform/community/hub/v1/tools.html,2025-11-21,3389,
global_hazard_prediction_dashboard,index.html,2025-11-21,595,
galactic_directory,index.html,2025-11-21,4274,
restore_and_prosper,index.html,2025-11-21,29795,pact/v2/index.html
planetary_restoration_gamification_system,index.html,2025-11-21,1273,gamified_education_system_draft/index.html
thought_expansion_explorer,index.html,2025-11-21,182,
planetary_steward_gamified_dashboard,index.html,2025-11-21,389,
storybook,index.html,2025-11-23,8993,
storybook,randombook1.html,2025-11-23,530,
site_backup,index.html,2025-11-23,188,
site_backup,sites.txt,2025-11-23,50177,
stream_sanctuary,DEPLOYMENT-CHECKLIST.md,2025-11-27,12368,
stream_sanctuary,DEPLOYMENT-GUIDE.md,2025-11-27,15178,
stream_sanctuary,MASTER-INDEX.md,2025-11-27,10810,
stream_sanctuary,QUICK-START.md,2025-11-27,12510,
stream_sanctuary,README-COMPLETE.md,2025-11-27,9391,
stream_sanctuary,README-DEPLOYMENT.md,2025-11-27,11328,
stream_sanctuary,README-TRULY-COMPLETE.md,2025-11-27,8336,
stream_sanctuary,README-ULTIMATE-FREE.md,2025-11-27,8672,
stream_sanctuary,README_ultimate_free.md,2025-11-27,8673,
stream_sanctuary,STREAMING-SOLUTIONS-SUMMARY.md,2025-11-27,10605,
stream_sanctuary,VERIFICATION-CHECKLIST.md,2025-11-27,10881,
stream_sanctuary,dashboard/index.html,2025-11-27,5843,
stream_sanctuary,deployment_checklist.md,2025-11-27,12369,
stream_sanctuary,docs/README.md,2025-11-27,46869,
stream_sanctuary,index.html,2025-11-27,8760,
stream_sanctuary,multi-source-architecture.md,2025-11-27,14269,
stream_sanctuary,multi-source-guide.md,2025-11-27,17783,
stream_sanctuary,old_versions/v1/index.html,2025-11-27,5629,
stream_sanctuary,old_versions/v2/index.html,2025-11-27,6951,
stream_sanctuary,old_versions/v3/index.html,2025-11-27,8005,
stream_sanctuary,quickstart.md,2025-11-27,12511,
stream_sanctuary,stream-sanctuary-COMPLETE-ULTIMATE.html,2025-11-27,1229,
stream_sanctuary,stream-sanctuary-TRULY-complete.html,2025-11-27,724,
stream_sanctuary,stream-sanctuary-complete.html,2025-11-27,864,
stream_sanctuary,stream-sanctuary-nextgen-docs.md,2025-11-27,46851,
stream_sanctuary,stream-sanctuary-nextgen.html,2025-11-27,5843,stream_sanctuary/dashboard/index.html
stream_sanctuary,stream-sanctuary-ultimate-free.html,2025-11-27,2737,
stream_sanctuary,stream-sanctuary.html,2025-11-27,8760,stream_sanctuary/index.html
stream_sanctuary,stream_sanctuary_ultimate.html,2025-11-27,2737,stream_sanctuary/stream-sanctuary-ultimate-free.html
stream_sanctuary,stream_sanctuary_ultimate_free.html,2025-11-27,2737,stream_sanctuary/stream-sanctuary-ultimate-free.html
decentralized_governance_explorer,index.html,2025-11-27,7867,
safe_drive_rewards,index.html,2025-11-27,3443,
ai_powered_site_discovery,index.html,2025-11-27,2998,
fishing_streamers,index.html,2025-11-27,3613,
fishing_streamers,v1/index.html,2025-11-27,4011,
qr_decoder,index.html,2025-11-27,458,
scripts,accessibility/index.html,2025-11-27,19069,
scripts,chrome/console/download_all_images/README.md,2025-11-27,6065,
scripts,data/index.html,2025-11-27,17867,
scripts,demo/index.html,2025-11-27,5486,
scripts,dev/index.html,2025-11-27,17592,
scripts,gamification/index.html,2025-11-27,16335,
scripts,illustration/index.html,2025-11-27,16620,
scripts,index.html,2025-11-27,1984,
scripts,page/template/index.html,2025-11-27,3101,
scripts,ui/index.html,2025-11-27,16871,
scripts,v1/index.html,2025-11-27,377,
scripts,v2/index.html,2025-11-27,1956,
scripts,wizard/tips/index.html,2025-11-27,528,
splash_screens,1/index.html,2025-11-27,1282,
zerostorm,chapter/1/chatgpt_reference.txt,2025-11-27,63,
zerostorm,chapter/1/index.html,2025-11-27,21279,
zerostorm,index.html,2025-11-27,714,
zerostorm,v1/index.html,2025-11-27,525,
storm_story_framework,README.md,2025-11-27,57005,
gamified_archive,index.html,2025-11-27,1771,
ai_site_presentation_schema,index.html,2025-11-27,1981,
stream_sanctuary_standalone,fixed_and_ready.txt,2025-11-28,4756,
stream_sanctuary_standalone,index.html,2025-11-28,4675,
stream_sanctuary_standalone,instant_streaming_readme.md,2025-11-28,4587,
stream_sanctuary_standalone,start_here.txt,2025-11-28,5296,
stream_sanctuary_standalone,v1/index.html,2025-11-28,3882,
zerostorm_story_architect,chain/index.html,2025-11-28,1255,
zerostorm_story_architect,index.html,2025-11-28,3880,
zerostorm_story_architect,meta_prompt_chain/index.html,2025-11-28,8578,
zerostorm_story_architect,meta_prompt_chain/v1/index.html,2025-11-28,1255,zerostorm_story_architect/chain/index.html
zerostorm_story_architect,quantize/index.html,2025-11-28,8578,zerostorm_story_architect/meta_prompt_chain/index.html
decentralization,README.md,2025-11-28,23926,
decentralization,index.html,2025-11-28,16956,
platform_gatekeepers,index.html,2025-11-28,2268,
global_hazard_dashboard,index.html,2025-11-28,487,
global_hazard_dashboard,v1/index.html,2025-11-28,487,global_hazard_dashboard/index.html
planetary_stewardship_nexus,index.html,2025-11-28,11873,
restoration_learning_system,index.html,2025-11-29,2489,
restoration_learning_system,v1/index.html,2025-11-29,1273,gamified_education_system_draft/index.html
storyweave,index.html,2025-11-29,31,
seed_paths,README.md,2025-12-01,8906,
seed_paths,index.html,2025-12-01,11094,
future_proof_random,index.html,2025-12-01,39,
winter_campfire_revival,index.html,2025-12-01,15020,
campfire_story_engine,arabic/index.html,2025-12-01,7934,
campfire_story_engine,english/index.html,2025-12-01,3025,
community_engagement,README.md,2025-12-01,5862,
community_engagement,aether_loom_engine/README.md,2025-12-01,6410,
community_engagement,aurora_gate_engine/README.md,2025-12-01,6348,
community_engagement,celestial_ledger_engine/README.md,2025-12-01,6361,
community_engagement,commnunity_ritual_cycles/README.md,2025-12-01,10293,
community_engagement,echochamber_engine/README.md,2025-12-01,6416,
community_engagement,emotional_resonance_engine/README.md,2025-12-01,7747,
community_engagement,frost_veil_engine/README.md,2025-12-01,5902,
community_engagement,frostmark_evolution_system/README.md,2025-12-01,7855,
community_engagement,guardian_chorus_engine/README.md,2025-12-01,6312,
community_engagement,guardian_hearth_engine/README.md,2025-12-01,6251,
community_engagement,heartforge_engine/README.md,2025-12-01,5954,
community_engagement,lineage_engine/README.md,2025-12-01,6191,
community_engagement,memory_lantern_engine/README.md,2025-12-01,6010,
community_engagement,mnemonic_seed_system/README.md,2025-12-01,7778,
community_engagement,mnemonic_steward_identity_system/README.md,2025-12-01,12250,
community_engagement,mnemonic_vow_system_expansion/README.md,2025-12-01,8069,
community_engagement,mythweave_engine/README.md,2025-12-01,6431,
community_engagement,narrative_unlock_engine/README.md,2025-12-01,8765,
community_engagement,regional_constellation_mapping/README.md,2025-12-01,9404,
community_engagement,ritual_engine/README.md,2025-12-01,7336,
community_engagement,season_wheel_engine/README.md,2025-12-01,6384,
community_engagement,seasonal_engine/README.md,2025-12-01,6821,
community_engagement,seasonal_transformation_engine/README.md,2025-12-01,8897,
community_engagement,seed_pathways_engine/README.md,2025-12-01,7227,
community_engagement,seed_trail_system/README.md,2025-12-01,10231,
community_engagement,sentinel_lineage_chains/README.md,2025-12-01,8283,
community_engagement,starpath_engine/README.md,2025-12-01,6286,
community_engagement,steward_constellation_engine/README.md,2025-12-01,6806,
community_engagement,steward_signal_engine/README.md,2025-12-01,6422,
community_engagement,steward_to_steward_transmission/README.md,2025-12-01,8990,
community_engagement,symbol_evolution_system/README.md,2025-12-01,10067,
community_engagement,vow_engine/README.md,2025-12-01,6781,
community_engagement,winterfire_activation_protocol/README.md,2025-12-01,7983,
childrens_health_hub,index.html,2025-12-01,10340,
2026_todo,README.md,2025-12-01,16552,
seed_paths_unity,README.md,2025-12-02,24749,
seed_paths_unity,index.html,2025-12-02,1284,
seed_paths_unity,old_versions/v1/README.md,2025-12-02,5884,
seed_paths_unity,old_versions/v1/index.html,2025-12-02,265,
peaceweaver,00_landing_portal/index.html,2025-12-02,0,funding-influx-pipeline/docs/New Text Document.txt
peaceweaver,01_biospheric_cascades/index.html,2025-12-02,0,funding-influx-pipeline/docs/New Text Document.txt
peaceweaver,02_cultural_shadow_exchange/index.html,2025-12-02,0,funding-influx-pipeline/docs/New Text Document.txt
peaceweaver,03_parallel_hero_narratives/index.html,2025-12-02,0,funding-influx-pipeline/docs/New Text Document.txt
peaceweaver,04_shared_vulnerability_sanctuaries/index.html,2025-12-02,0,funding-influx-pipeline/docs/New Text Document.txt
peaceweaver,05_citizen_peace_tools/index.html,2025-12-02,0,funding-influx-pipeline/docs/New Text Document.txt
peaceweaver,06_memory_weaving/index.html,2025-12-02,0,funding-influx-pipeline/docs/New Text Document.txt
peaceweaver,07_100_year_archive/index.html,2025-12-02,0,funding-influx-pipeline/docs/New Text Document.txt
peaceweaver,08_mycelial_diplomacy/index.html,2025-12-02,0,funding-influx-pipeline/docs/New Text Document.txt
peaceweaver,09_neighbor_microbridges/index.html,2025-12-02,0,funding-influx-pipeline/docs/New Text Document.txt
peaceweaver,10_unified_crisis_protocol/index.html,2025-12-02,0,funding-influx-pipeline/docs/New Text Document.txt
peaceweaver,11_spiritual_mythic_architecture/index.html,2025-12-02,0,funding-influx-pipeline/docs/New Text Document.txt
peaceweaver,12_joint_simulation_worlds/index.html,2025-12-02,0,funding-influx-pipeline/docs/New Text Document.txt
peaceweaver,13_interactive_story_chains/index.html,2025-12-02,0,funding-influx-pipeline/docs/New Text Document.txt
peaceweaver,14_mobile_first_microapps/index.html,2025-12-02,0,funding-influx-pipeline/docs/New Text Document.txt
peaceweaver,15_multi_language_engines/index.html,2025-12-02,0,funding-influx-pipeline/docs/New Text Document.txt
peaceweaver,16_seed_corridor_planner/index.html,2025-12-02,0,funding-influx-pipeline/docs/New Text Document.txt
peaceweaver,17_empathy_engine/index.html,2025-12-02,0,funding-influx-pipeline/docs/New Text Document.txt
peaceweaver,18_folk_song_exchange/index.html,2025-12-02,0,funding-influx-pipeline/docs/New Text Document.txt
peaceweaver,19_borderland_ecologies_visualizer/index.html,2025-12-02,0,funding-influx-pipeline/docs/New Text Document.txt
peaceweaver,20_daily_peace_rituals/index.html,2025-12-02,0,funding-influx-pipeline/docs/New Text Document.txt
peaceweaver,21_future_children_simulator/index.html,2025-12-02,0,funding-influx-pipeline/docs/New Text Document.txt
peaceweaver,22_shared_myth_forge/index.html,2025-12-02,0,funding-influx-pipeline/docs/New Text Document.txt
peaceweaver,23_cross_border_seed_vault/index.html,2025-12-02,0,funding-influx-pipeline/docs/New Text Document.txt
peaceweaver,24_spore_bridge_network/index.html,2025-12-02,0,funding-influx-pipeline/docs/New Text Document.txt
peaceweaver,25_unity_through_rebuilding/index.html,2025-12-02,0,funding-influx-pipeline/docs/New Text Document.txt
peaceweaver,DELIVERY_SUMMARY.md,2025-12-02,19610,
peaceweaver,DEVELOPER_GUIDE.md,2025-12-02,25805,
peaceweaver,ENHANCEMENT_SUMMARY.md,2025-12-02,18457,
peaceweaver,EXPONENTIAL_FEATURES_CATALOG.md,2025-12-02,29254,
peaceweaver,EXTERNAL_TOOLS_GUIDE.md,2025-12-02,15498,
peaceweaver,README.md,2025-12-02,9147,
peaceweaver,README_EXPONENTIAL.md,2025-12-02,18770,
peaceweaver,index.html,2025-12-02,6694,
peaceweaver,index_old.html,2025-12-02,6960,
peaceweaver,index_v2.html,2025-12-02,14835,
peaceweaver,multilingual/index.html,2025-12-02,85,
peaceweaver,peaceweaver_exponential.html,2025-12-02,1264,
peaceweaver,ru/00_портал_входа/index.html,2025-12-02,111,
peaceweaver,ru/01_биосферные_каскады/index.html,2025-12-02,129,
peaceweaver,ru/02_культурный_обмен_теней/index.html,2025-12-02,141,
peaceweaver,ru/03_параллельные_героические_нарративы/index.html,2025-12-02,177,
peaceweaver,ru/04_святилища_общей_уязвимости/index.html,2025-12-02,153,
peaceweaver,ru/05_инструменты_гражданского_мира/index.html,2025-12-02,162,
peaceweaver,ru/06_ткачество_памяти/index.html,2025-12-02,123,
peaceweaver,ru/07_столетний_архив/index.html,2025-12-02,120,
peaceweaver,ru/08_мицелийская_дипломатия/index.html,2025-12-02,141,
peaceweaver,ru/09_микромосты_соседей/index.html,2025-12-02,129,
peaceweaver,ru/10_единый_протокол_кризисов/index.html,2025-12-02,147,
peaceweaver,ru/11_духовно_мифическая_архитектура/index.html,2025-12-02,165,
peaceweaver,ru/12_совместные_миры_симуляций/index.html,2025-12-02,150,
peaceweaver,ru/13_интерактивные_цепочки_историй/index.html,2025-12-02,162,
peaceweaver,ru/14_мобильные_микроприложения/index.html,2025-12-02,150,
peaceweaver,ru/15_многоязычные_движки/index.html,2025-12-02,132,
peaceweaver,ru/16_планировщик_семенных_коридоров/index.html,2025-12-02,165,
peaceweaver,ru/17_движок_эмпатии/index.html,2025-12-02,117,
peaceweaver,ru/18_обмен_народными_песнями/index.html,2025-12-02,144,
peaceweaver,ru/19_визуализатор_приграничных_экосистем/index.html,2025-12-02,180,
peaceweaver,ru/20_ежедневные_ритуалы_мира/index.html,2025-12-02,144,
peaceweaver,ru/21_симулятор_детей_будущего/index.html,2025-12-02,147,
peaceweaver,ru/22_кузница_общего_мифа/index.html,2025-12-02,132,
peaceweaver,ru/23_трансграничное_семенное_хранилище/index.html,2025-12-02,174,
peaceweaver,ru/24_сеть_споровых_мостов/index.html,2025-12-02,135,
peaceweaver,ru/25_единство_через_восстановление/index.html,2025-12-02,162,
peaceweaver,v1.5.html,2025-12-02,106,
regenerative_peacekeeping_framework_meta_instructions,README.md,2025-12-04,4536,
regenerative_peacekeeping_framework_meta_instructions,index.html,2025-12-04,4237,
regenerative_peace_engine,index.html,2025-12-04,4237,regenerative_peacekeeping_framework_meta_instructions/index.html
equatoriology,README.md,2025-12-04,19975,
equatoriology,index.html,2025-12-04,30164,
steward_emergence_dashboard,README.md,2025-12-04,5076,
steward_emergence_dashboard,index.html,2025-12-04,106,peaceweaver/v1.5.html
steward_emergence_dashboard,index_old_v1.html,2025-12-04,48,
steward_emergence_dashboard,micro_actions/index.html,2025-12-04,2510,
steward_emergence_dashboard,peace_broadcasts/index.html,2025-12-04,5797,
steward_emergence_dashboard,soft_power_field/index.html,2025-12-04,4659,
global_peace_dashboard,index.html,2025-12-04,5153,
global_peace_dashboard,peace_lattice/global_tension_lattice.html,2025-12-04,7492,
global_peace_dashboard,peace_lattice/global_tension_lattice_v1.html,2025-12-04,3352,
global_peace_dashboard,peace_lattice/index.html,2025-12-04,5677,
peace-lattice-archive,index.html,2025-12-04,5677,global_peace_dashboard/peace_lattice/index.html
threshold_decade,index.html,2025-12-05,2761,
threshold_decade,old_versions/v1/index.html,2025-12-05,21704,
fort_mcmurray,bulldog/index.html,2025-12-05,3116,
fort_mcmurray,bulldog/root/index.html,2025-12-05,1709,
fort_mcmurray,bulldog/tracking/index.html,2025-12-05,1679,
fort_mcmurray,fiero_coding_club/index.html,2025-12-05,1527,
fort_mcmurray,index.html,2025-12-05,0,funding-influx-pipeline/docs/New Text Document.txt
fort_mcmurray,library/stewardship_training/index.html,2025-12-05,4546,
fort_mcmurray,library/stewardship_training/v1/index.html,2025-12-05,2320,
fort_mcmurray,library/stewardship_training/v2/index.html,2025-12-05,3944,
fort_mcmurray,proposal/1/index.html,2025-12-05,4604,
fort_mcmurray,techy_kids/index.html,2025-12-05,8125,
tech_leadership_empowerment,ai_collaboration_manager/index.html,2025-12-05,6733,
tech_leadership_empowerment,ai_first_leadership/index.html,2025-12-05,7511,
tech_leadership_empowerment,building_caring_companies/index.html,2025-12-05,4873,
tech_leadership_empowerment,csuite/index.html,2025-12-05,7388,
tech_leadership_empowerment,high_performance/index.html,2025-12-05,7511,tech_leadership_empowerment/ai_first_leadership/index.html
tech_leadership_empowerment,index.html,2025-12-05,25396,
tech_leadership_empowerment,innovation_efficacy/index.html,2025-12-05,10911,
tech_leadership_empowerment,knowledge_sharing_cultures/index.html,2025-12-05,10911,tech_leadership_empowerment/innovation_efficacy/index.html
tech_leadership_empowerment,leading_hybrid_distributed_teams/index.html,2025-12-05,6835,
tech_leadership_empowerment,old_versions/index.html,2025-12-05,25396,tech_leadership_empowerment/index.html
tech_leadership_empowerment,open_source_ecosystem/index.html,2025-12-05,5543,
tech_leadership_empowerment,psychological_safety_in_tech_teams/index.html,2025-12-05,13228,
unity_through_rebuilding,index.html,2025-12-05,8806,
unity_through_rebuilding,old_versions/index.html,2025-12-05,19104,
unity_through_rebuilding,old_versions/index_v111.html,2025-12-05,8727,
unity_through_rebuilding,old_versions/index_v2.2.html,2025-12-05,8727,unity_through_rebuilding/old_versions/index_v111.html
mnemonic_match,index.html,2025-12-06,3662,
planetary_restoration_archive_v2,admin/state-viewer.html,2025-12-06,876,
planetary_restoration_archive_v2,experiences/threshold-journey/chapter-01-awakening.html,2025-12-06,4705,
planetary_restoration_archive_v2,experiences/threshold-journey/index.html,2025-12-06,1814,
planetary_restoration_archive_v2,index.html,2025-12-06,2319,
planetary_restoration_archive_v2,library/index.html,2025-12-06,460,
global_vulnerability_atlas,index.html,2025-12-06,6206,
global_vulnerability_atlas,old_versions/index.html,2025-12-06,6206,global_vulnerability_atlas/index.html
youth_peace_nexus,index.html,2025-12-06,8468,
nextgen_evolution_engine,index.html,2025-12-07,268,
chionophytaics,index.html,2025-12-07,31845,
chionophytaics,indexv0.1.html,2025-12-07,16870,
friendship_safety_navigator,index.html,2025-12-08,37,
architecture_of_hunger,index.html,2025-12-08,34322,
YouthCatalyst,01-technological-leadership-empowerment.html,2025-12-08,25396,tech_leadership_empowerment/index.html
YouthCatalyst,02-psychological-safety-hybrid-ai-teams.html,2025-12-08,13228,tech_leadership_empowerment/psychological_safety_in_tech_teams/index.html
YouthCatalyst,03-innovation-self-efficacy-knowledge-sharing.html,2025-12-08,10911,tech_leadership_empowerment/innovation_efficacy/index.html
YouthCatalyst,04-ai-first-leadership.html,2025-12-08,7511,tech_leadership_empowerment/ai_first_leadership/index.html
YouthCatalyst,05-ethical-responsible-ai-data-leadership.html,2025-12-08,8374,
YouthCatalyst,06-inclusive-leadership-tech.html,2025-12-08,5796,
YouthCatalyst,07-burnout-safe-high-performance.html,2025-12-08,7261,
YouthCatalyst,08-digital-transformation-board-csuite.html,2025-12-08,7388,tech_leadership_empowerment/csuite/index.html
YouthCatalyst,09-manager-ai-collaboration.html,2025-12-08,6733,tech_leadership_empowerment/ai_collaboration_manager/index.html
YouthCatalyst,10-leading-hybrid-distributed-teams.html,2025-12-08,6835,tech_leadership_empowerment/leading_hybrid_distributed_teams/index.html
YouthCatalyst,11-talent-development-continuous-reskilling.html,2025-12-08,6107,
YouthCatalyst,12-enterprise-experimentation-cultures.html,2025-12-08,5701,
YouthCatalyst,13-product-platform-leadership.html,2025-12-08,7660,
YouthCatalyst,14-cybersecurity-resilience-shared-responsibility.html,2025-12-08,6412,
YouthCatalyst,15-customer-cocreation-participatory-design.html,2025-12-08,5896,
YouthCatalyst,16-open-source-ecosystem-partnership-leadership.html,2025-12-08,5543,tech_leadership_empowerment/open_source_ecosystem/index.html
YouthCatalyst,17-public-interest-civic-tech-leadership.html,2025-12-08,5325,
YouthCatalyst,18-youth-early-career-technologist-empowerment.html,2025-12-08,5449,
YouthCatalyst,19-leadership-metrics-sensing-early-warning.html,2025-12-08,4944,
YouthCatalyst,20-narrative-leadership.html,2025-12-08,5717,
YouthCatalyst,21-embedded-ethics-redteam-thinking.html,2025-12-08,5156,
YouthCatalyst,22-data-informed-human-centered-decisions.html,2025-12-08,4922,
YouthCatalyst,23-building-companies-that-care.html,2025-12-08,4873,tech_leadership_empowerment/building_caring_companies/index.html
YouthCatalyst,24-ai-governance-councils.html,2025-12-08,5044,
YouthCatalyst,25-conflict-transformation-mediation.html,2025-12-08,5821,
YouthCatalyst,26-repair-leadership.html,2025-12-08,4969,
YouthCatalyst,27-tech-leadership-planetary-scale-problems.html,2025-12-08,5816,
YouthCatalyst,28-cross-cultural-geopolitical-leadership.html,2025-12-08,5473,
YouthCatalyst,29-transparent-career-ladders-fair-promotions.html,2025-12-08,5252,
YouthCatalyst,30-hero-leaders-to-steward-networks.html,2025-12-08,4816,
russia_ukraine_relations,index.html,2025-12-09,17056,
amphetamine_supply_disruption_atlas,index.html,2025-12-09,37869,
ai,ai/constitution/blueprint/index.html,2025-12-11,55231,
ai,ai/constitution/index.html,2025-12-11,46822,
ai,ai/constitution/version/v1/index.html,2025-12-11,9263,
ai,ai/constitution/version/v2/index.html,2025-12-11,9263,ai/ai/constitution/version/v1/index.html
ai,ai/guardrails/COVENANT_OF_RETURN.md,2025-12-11,2103,
ai,ai/guardrails/README.md,2025-12-11,1340,
ai,ai/guardrails/index.html,2025-12-11,2817,planetary_restoration_archive_site_transfer_2025/ai/guardrails/index.html
ai,ai/wave/platform/community/hub/v1/crisis-response.html,2025-12-11,760,planetary_restoration_archive_site_transfer_2025/ai/wave/platform/community/hub/v1/crisis-response.html
ai,ai/wave/platform/community/hub/v1/dir_structure.md,2025-12-11,5053,planetary_restoration_archive_site_transfer_2025/ai/wave/platform/community/hub/v1/dir_structure.md
ai,ai/wave/platform/community/hub/v1/index.html,2025-12-11,2780,planetary_restoration_archive_site_transfer_2025/ai/wave/platform/community/hub/v1/index.html
ai,ai/wave/platform/community/hub/v1/literacy-academy.html,2025-12-11,4516,planetary_restoration_archive_site_transfer_2025/ai/wave/platform/community/hub/v1/literacy-academy.html
ai,ai/wave/platform/community/hub/v1/tools.html,2025-12-11,3389,planetary_restoration_archive_site_transfer_2025/ai/wave/platform/community/hub/v1/tools.html
ai,ai/wave/platform/community/hub/v2/crisis-response.html,2025-12-11,760,planetary_restoration_archive_site_transfer_2025/ai/wave/platform/community/hub/v1/crisis-response.html
ai,ai/wave/platform/community/hub/v2/dir_structure.md,2025-12-11,5053,planetary_restoration_archive_site_transfer_2025/ai/wave/platform/community/hub/v1/dir_structure.md
ai,ai/wave/platform/community/hub/v2/index.html,2025-12-11,2780,planetary_restoration_archive_site_transfer_2025/ai/wave/platform/community/hub/v1/index.html
ai,ai/wave/platform/community/hub/v2/literacy-academy.html,2025-12-11,4516,planetary_restoration_archive_site_transfer_2025/ai/wave/platform/community/hub/v1/literacy-academy.html
ai,ai/wave/platform/community/hub/v2/tools.html,2025-12-11,3389,planetary_restoration_archive_site_transfer_2025/ai/wave/platform/community/hub/v1/tools.html
ai,ai/wave/platform/hub/crisis-response.html,2025-12-11,760,planetary_restoration_archive_site_transfer_2025/ai/wave/platform/community/hub/v1/crisis-response.html
ai,ai/wave/platform/hub/dir_structure.md,2025-12-11,5053,planetary_restoration_archive_site_transfer_2025/ai/wave/platform/community/hub/v1/dir_structure.md
ai,ai/wave/platform/hub/index.html,2025-12-11,2780,planetary_restoration_archive_site_transfer_2025/ai/wave/platform/community/hub/v1/index.html
ai,ai/wave/platform/hub/literacy-academy.html,2025-12-11,4516,planetary_restoration_archive_site_transfer_2025/ai/wave/platform/community/hub/v1/literacy-academy.html
ai,ai/wave/platform/hub/tools.html,2025-12-11,3389,planetary_restoration_archive_site_transfer_2025/ai/wave/platform/community/hub/v1/tools.html
ai_support_site,index.html,2025-12-11,1745,ai-support-site/index.html
ai_final_warning_conversation_history,index.html,2025-12-11,0,funding-influx-pipeline/docs/New Text Document.txt
alberta_housing_tracker,alberta/housing/tracker/index.html,2025-12-11,1229,
alberta_housing_tracker,index.html,2025-12-11,0,funding-influx-pipeline/docs/New Text Document.txt
2025_december_12_notes,README.md,2025-12-12,1457,
alpha,index.html,2025-12-12,0,funding-influx-pipeline/docs/New Text Document.txt
alpha,v1/index.html,2025-12-12,154,
alpha,v2/index.html,2025-12-12,529,
alpha,v3/index.html,2025-12-12,529,alpha/v2/index.html
anti-corruption,automotive/repair/index.html,2025-12-12,1421,
anti-corruption,corruption/australia/index.html,2025-12-12,6901,
anti-corruption,corruption/canada/competency/index.html,2025-12-12,2111,
anti-corruption,corruption/canada/index.html,2025-12-12,8206,
anti-corruption,corruption/canada/index/ab/cal/index.html,2025-12-12,7278,
anti-corruption,corruption/canada/index/ab/edm/index.html,2025-12-12,7294,
anti-corruption,corruption/canada/index/ab/edm/v2/index.html,2025-12-12,7193,
anti-corruption,corruption/canada/index/ab/mdh/index.html,2025-12-12,7236,
anti-corruption,corruption/canada/index/ab/rd/index.html,2025-12-12,6702,
anti-corruption,corruption/canada/index/bc/kam/index.html,2025-12-12,2726,
anti-corruption,corruption/canada/index/bc/kel/index.html,2025-12-12,6699,
anti-corruption,corruption/canada/index/bc/nan/index.html,2025-12-12,7113,
anti-corruption,corruption/canada/index/bc/pg/index.html,2025-12-12,7239,
anti-corruption,corruption/canada/index/bc/van/index.html,2025-12-12,6705,
anti-corruption,corruption/canada/index/bc/vic/index.html,2025-12-12,6702,
anti-corruption,corruption/canada/index/index.html,2025-12-12,8262,
anti-corruption,corruption/canada/index/man/br/index.html,2025-12-12,6902,
anti-corruption,corruption/canada/index/man/win/index.html,2025-12-12,6928,
anti-corruption,corruption/canada/index/on/tor/index.html,2025-12-12,8858,
anti-corruption,corruption/canada/index/qc/mtl/index.html,2025-12-12,2150,
anti-corruption,corruption/canada/index/sk/mj/index.html,2025-12-12,0,funding-influx-pipeline/docs/New Text Document.txt
anti-corruption,corruption/canada/index/sk/reg/index.html,2025-12-12,6272,
anti-corruption,corruption/canada/index/sk/reg/old/index.html,2025-12-12,5960,
anti-corruption,corruption/canada/index/sk/sas/index.html,2025-12-12,7540,
anti-corruption,corruption/canada/index/sk/sas/old/index.html,2025-12-12,6233,
anti-corruption,corruption/canada/index/wc/index.html,2025-12-12,1410,
anti-corruption,corruption/canada/indigenous/rumour/1/index.html,2025-12-12,2056,
anti-corruption,corruption/canada/latest.html,2025-12-12,0,funding-influx-pipeline/docs/New Text Document.txt
anti-corruption,corruption/china/index.html,2025-12-12,3024,
anti-corruption,corruption/china/traditional/index.html,2025-12-12,3038,
anti-corruption,corruption/european_union/index.html,2025-12-12,6817,
anti-corruption,corruption/index.html,2025-12-12,2375,
anti-corruption,corruption/israel/index.html,2025-12-12,8845,
anti-corruption,corruption/na/ca/ab/cal/index.html,2025-12-12,7278,anti-corruption/corruption/canada/index/ab/cal/index.html
anti-corruption,corruption/na/ca/ab/edm/index.html,2025-12-12,7294,anti-corruption/corruption/canada/index/ab/edm/index.html
anti-corruption,corruption/na/ca/ab/edm/v2/index.html,2025-12-12,7193,anti-corruption/corruption/canada/index/ab/edm/v2/index.html
anti-corruption,corruption/na/ca/ab/mdh/index.html,2025-12-12,7236,anti-corruption/corruption/canada/index/ab/mdh/index.html
anti-corruption,corruption/na/ca/ab/rd/index.html,2025-12-12,6702,anti-corruption/corruption/canada/index/ab/rd/index.html
anti-corruption,corruption/na/ca/bc/kel/index.html,2025-12-12,6699,anti-corruption/corruption/canada/index/bc/kel/index.html
anti-corruption,corruption/na/ca/bc/pg/index.html,2025-12-12,7239,anti-corruption/corruption/canada/index/bc/pg/index.html
anti-corruption,corruption/na/ca/bc/van/index.html,2025-12-12,6705,anti-corruption/corruption/canada/index/bc/van/index.html
anti-corruption,corruption/na/ca/bc/vic/index.html,2025-12-12,6702,anti-corruption/corruption/canada/index/bc/vic/index.html
anti-corruption,corruption/na/ca/sk/sas/index.html,2025-12-12,6233,anti-corruption/corruption/canada/index/sk/sas/old/index.html
anti-corruption,corruption/na/ca/wc/index.html,2025-12-12,1410,anti-corruption/corruption/canada/index/wc/index.html
anti-corruption,corruption/new_zealand/index.html,2025-12-12,6971,
anti-corruption,corruption/north_korea/index.html,2025-12-12,7506,
anti-corruption,corruption/russia/en/index.html,2025-12-12,7744,
anti-corruption,corruption/russia/index.html,2025-12-12,7838,
anti-corruption,corruption/sudan/index.html,2025-12-12,8239,
anti-corruption,corruption/taiwan/index.html,2025-12-12,2769,
anti-corruption,corruption/ukraine/index.html,2025-12-12,9988,
anti-corruption,corruption/united_kingdom/index.html,2025-12-12,7389,
anti-corruption,corruption/united_states/index.html,2025-12-12,6146,
anti-corruption,corruption/united_states/indexv1.html,2025-12-12,10735,
anti-corruption,corruption/united_states/indexv2.html,2025-12-12,10735,anti-corruption/corruption/united_states/indexv1.html
anti-corruption,index.html,2025-12-12,0,funding-influx-pipeline/docs/New Text Document.txt
realtime,index.html,2025-12-12,0,funding-influx-pipeline/docs/New Text Document.txt
realtime,peace/monitoring/index.html,2025-12-12,619,
anti-collapse_sentinel,index.html,2025-12-14,1324,
app,image/studio/index.html,2025-12-14,1361,
app,image/studio/v1/A.txt,2025-12-14,1,planetary-restoration-archive/innovations/atmospheric-aerial/atmospheric-filtration-drones/3d/readme.md
app,image/studio/v1/index.html,2025-12-14,14169,
app,image/studio/v2/A.txt,2025-12-14,1,planetary-restoration-archive/innovations/atmospheric-aerial/atmospheric-filtration-drones/3d/readme.md
app,image/studio/v2/index.html,2025-12-14,831,
app,index.html,2025-12-14,0,funding-influx-pipeline/docs/New Text Document.txt
2025_december_14_notes,README.md,2025-12-14,185,
authorship,index.html,2025-12-14,2300,
authorship,v1/index.html,2025-12-14,1397,
authorship,v2/index.html,2025-12-14,2300,authorship/index.html
authorship,v3/index.html,2025-12-14,1835,
authorship,v4/index.html,2025-12-14,907,
authorship,v5/authorship.html,2025-12-14,907,authorship/v4/index.html
back,index.html,2025-12-14,0,funding-influx-pipeline/docs/New Text Document.txt
back,to/work/teachers/index-01-shell-toc.html,2025-12-14,1615,
back,to/work/teachers/index-02-catalog-deeppack.html,2025-12-14,554,
back,to/work/teachers/index-03-plan-builder-pro.html,2025-12-14,782,
back,to/work/teachers/index-04-publish-viewer-pro.html,2025-12-14,598,
back,to/work/teachers/index-05-profile-donations-guard.html,2025-12-14,1239,
back,to/work/teachers/index-06-offline-chat-ext.html,2025-12-14,988,
back,to/work/teachers/index.html,2025-12-14,1734,
backup,index.html,2025-12-14,4193,planetary_restoration_archive_site_transfer_2025/_misc/index.html
backup,multimodal/index.html,2025-12-14,366,
backup,pra-no-crypto/index.html,2025-12-14,417,
biotech,covenant/index.html,2025-12-14,3999,
biotech,index.html,2025-12-14,0,funding-influx-pipeline/docs/New Text Document.txt
blood-moon,index.html,2025-12-14,2524,
brief,index.html,2025-12-14,7473,
brief,v2/index.html,2025-12-14,5710,
bubble,index.html,2025-12-14,0,funding-influx-pipeline/docs/New Text Document.txt
bubble,lab/index.html,2025-12-14,719,
chat,index.html,2025-12-14,1176,
chat,meta/index.html,2025-12-14,1300,
chat,meta/v1/index.html,2025-12-14,1300,chat/meta/index.html
chat,recursively/index.html,2025-12-14,797,
chat,repo/README.md,2025-12-14,30,
chat,v1/index.html,2025-12-14,1056,
chat,v2/index.html,2025-12-14,41,
chat,v3/index.html,2025-12-14,1843,
cityscanner,index.html,2025-12-14,1089,
civic,index.html,2025-12-14,0,funding-influx-pipeline/docs/New Text Document.txt
civic,safety/hub/index.html,2025-12-14,3017,
code,index.html,2025-12-14,142,
collective,index.html,2025-12-14,0,funding-influx-pipeline/docs/New Text Document.txt
collective,trance/index.html,2025-12-14,5585,
come,back/down/index.html,2025-12-14,2082,
come,back/down/v1/index.html,2025-12-14,2082,come/back/down/index.html
come,index.html,2025-12-14,0,funding-influx-pipeline/docs/New Text Document.txt
comms,can/gov/secure/index.html,2025-12-14,3792,
comms,can/gov/secure/less_old/index.html,2025-12-14,1615,
comms,can/gov/secure/old/index.html,2025-12-14,2219,
comms,index.html,2025-12-14,0,funding-influx-pipeline/docs/New Text Document.txt
community,hub/1.html,2025-12-14,11223,
community,hub/5.html,2025-12-14,8744,
community,hub/index.html,2025-12-14,11223,community/hub/1.html
community,hub/v1/index.html,2025-12-14,2837,
community,hub/v2/index.html,2025-12-14,8744,community/hub/5.html
community,index.html,2025-12-14,0,funding-influx-pipeline/docs/New Text Document.txt
companion,index.html,2025-12-14,640,
continuity,atlas/index.html,2025-12-14,821,
continuity,galactic/codex/index.html,2025-12-14,2693,
continuity,index.html,2025-12-14,0,funding-influx-pipeline/docs/New Text Document.txt
continuity,stamp/index.html,2025-12-14,7193,anti-corruption/corruption/canada/index/ab/edm/v2/index.html
corruption,australia/index.html,2025-12-14,6901,anti-corruption/corruption/australia/index.html
corruption,canada/competency/index.html,2025-12-14,2111,anti-corruption/corruption/canada/competency/index.html
corruption,canada/housing/tracker/index.html,2025-12-14,1610,
corruption,canada/index.html,2025-12-14,8206,anti-corruption/corruption/canada/index.html
corruption,canada/index/ab/cal/index.html,2025-12-14,7278,anti-corruption/corruption/canada/index/ab/cal/index.html
corruption,canada/index/ab/edm/index.html,2025-12-14,7294,anti-corruption/corruption/canada/index/ab/edm/index.html
corruption,canada/index/ab/edm/v2/index.html,2025-12-14,7193,anti-corruption/corruption/canada/index/ab/edm/v2/index.html
corruption,canada/index/ab/mdh/index.html,2025-12-14,7236,anti-corruption/corruption/canada/index/ab/mdh/index.html
corruption,canada/index/ab/rd/index.html,2025-12-14,6702,anti-corruption/corruption/canada/index/ab/rd/index.html
corruption,canada/index/bc/kam/index.html,2025-12-14,2726,anti-corruption/corruption/canada/index/bc/kam/index.html
corruption,canada/index/bc/kel/index.html,2025-12-14,6699,anti-corruption/corruption/canada/index/bc/kel/index.html
corruption,canada/index/bc/nan/index.html,2025-12-14,7113,anti-corruption/corruption/canada/index/bc/nan/index.html
corruption,canada/index/bc/pg/index.html,2025-12-14,7239,anti-corruption/corruption/canada/index/bc/pg/index.html
corruption,canada/index/bc/van/index.html,2025-12-14,6705,anti-corruption/corruption/canada/index/bc/van/index.html
corruption,canada/index/bc/vic/index.html,2025-12-14,6702,anti-corruption/corruption/canada/index/bc/vic/index.html
corruption,canada/index/index.html,2025-12-14,8262,anti-corruption/corruption/canada/index/index.html
corruption,canada/index/man/br/index.html,2025-12-14,6902,anti-corruption/corruption/canada/index/man/br/index.html
corruption,canada/index/man/win/index.html,2025-12-14,6928,anti-corruption/corruption/canada/index/man/win/index.html
corruption,canada/index/on/tor/index.html,2025-12-14,8858,anti-corruption/corruption/canada/index/on/tor/index.html
corruption,canada/index/qc/mtl/index.html,2025-12-14,2150,anti-corruption/corruption/canada/index/qc/mtl/index.html
corruption,canada/index/sk/mj/index.html,2025-12-14,0,funding-influx-pipeline/docs/New Text Document.txt
corruption,canada/index/sk/reg/index.html,2025-12-14,6272,anti-corruption/corruption/canada/index/sk/reg/index.html
corruption,canada/index/sk/reg/old/index.html,2025-12-14,5960,anti-corruption/corruption/canada/index/sk/reg/old/index.html
corruption,canada/index/sk/sas/index.html,2025-12-14,7540,anti-corruption/corruption/canada/index/sk/sas/index.html
corruption,canada/index/sk/sas/old/index.html,2025-12-14,6233,anti-corruption/corruption/canada/index/sk/sas/old/index.html
corruption,canada/index/wc/index.html,2025-12-14,1410,anti-corruption/corruption/canada/index/wc/index.html
corruption,canada/indigenous/rumour/1/index.html,2025-12-14,2056,anti-corruption/corruption/canada/indigenous/rumour/1/index.html
corruption,canada/latest.html,2025-12-14,0,funding-influx-pipeline/docs/New Text Document.txt
corruption,china/index.html,2025-12-14,3024,anti-corruption/corruption/china/index.html
corruption,china/traditional/index.html,2025-12-14,3038,anti-corruption/corruption/china/traditional/index.html
corruption,european_union/index.html,2025-12-14,6817,anti-corruption/corruption/european_union/index.html
corruption,index.html,2025-12-14,2375,anti-corruption/corruption/index.html
corruption,israel/index.html,2025-12-14,8845,anti-corruption/corruption/israel/index.html
corruption,na/ca/ab/cal/index.html,2025-12-14,7278,anti-corruption/corruption/canada/index/ab/cal/index.html
corruption,na/ca/ab/edm/index.html,2025-12-14,7294,anti-corruption/corruption/canada/index/ab/edm/index.html
corruption,na/ca/ab/edm/v2/index.html,2025-12-14,7193,anti-corruption/corruption/canada/index/ab/edm/v2/index.html
corruption,na/ca/ab/mdh/index.html,2025-12-14,7236,anti-corruption/corruption/canada/index/ab/mdh/index.html
corruption,na/ca/ab/rd/index.html,2025-12-14,6702,anti-corruption/corruption/canada/index/ab/rd/index.html
corruption,na/ca/bc/kel/index.html,2025-12-14,6699,anti-corruption/corruption/canada/index/bc/kel/index.html
corruption,na/ca/bc/pg/index.html,2025-12-14,7239,anti-corruption/corruption/canada/index/bc/pg/index.html
corruption,na/ca/bc/van/index.html,2025-12-14,6705,anti-corruption/corruption/canada/index/bc/van/index.html
corruption,na/ca/bc/vic/index.html,2025-12-14,6702,anti-corruption/corruption/canada/index/bc/vic/index.html
corruption,na/ca/sk/sas/index.html,2025-12-14,6233,anti-corruption/corruption/canada/index/sk/sas/old/index.html
corruption,na/ca/wc/index.html,2025-12-14,1410,anti-corruption/corruption/canada/index/wc/index.html
corruption,new_zealand/index.html,2025-12-14,6971,anti-corruption/corruption/new_zealand/index.html
corruption,north_korea/index.html,2025-12-14,7506,anti-corruption/corruption/north_korea/index.html
corruption,russia/en/index.html,2025-12-14,7744,anti-corruption/corruption/russia/en/index.html
corruption,russia/index.html,2025-12-14,7838,anti-corruption/corruption/russia/index.html
corruption,sudan/index.html,2025-12-14,8239,anti-corruption/corruption/sudan/index.html
corruption,taiwan/index.html,2025-12-14,2769,anti-corruption/corruption/taiwan/index.html
corruption,ukraine/index.html,2025-12-14,9988,anti-corruption/corruption/ukraine/index.html
corruption,united_kingdom/index.html,2025-12-14,7389,anti-corruption/corruption/united_kingdom/index.html
corruption,united_states/index.html,2025-12-14,6146,anti-corruption/corruption/united_states/index.html
corruption,united_states/indexv1.html,2025-12-14,10735,anti-corruption/corruption/united_states/indexv1.html
corruption,united_states/indexv2.html,2025-12-14,10735,anti-corruption/corruption/united_states/indexv1.html
crisis,index.html,2025-12-14,0,funding-influx-pipeline/docs/New Text Document.txt
crisis,response/platform/index.html,2025-12-14,3267,
crypto,arweave/index.html,2025-12-14,19968,
crypto,auth/app/index.html,2025-12-14,485,
crypto,bridge/v1/index.html,2025-12-14,2328,
crypto,index.html,2025-12-14,1468,
crypto,xlm/index.html,2025-12-14,9968,
crypto,xlm/v1/index.html,2025-12-14,9262,
crypto,xmr/index.html,2025-12-14,31357,
daily,advice/index.html,2025-12-14,1313,
daily,index.html,2025-12-14,0,funding-influx-pipeline/docs/New Text Document.txt
dashboard,Davis/index.html,2025-12-14,1501,
dashboard,earth/index.html,2025-12-14,591,
dashboard,index.html,2025-12-14,4120,
dashboard,quad/index.html,2025-12-14,1518,
debrief,2025/september/8/index.html,2025-12-14,1075,
debrief,index.html,2025-12-14,6646,
debrief,v1/index.html,2025-12-14,1075,debrief/2025/september/8/index.html
deploy,fng/gamify/index.html,2025-12-14,3570,
deploy,fng/index.html,2025-12-14,3969,
deploy,index.html,2025-12-14,0,funding-influx-pipeline/docs/New Text Document.txt
digital,democracy/portal/forum.html,2025-12-14,965,
digital,democracy/portal/index.html,2025-12-14,1971,
digital,democracy/portal/v1.5/index.html,2025-12-14,16064,
digital,democracy/portal/v1/index.html,2025-12-14,3485,
digital,democracy/portal/v2/index.html,2025-12-14,16064,digital/democracy/portal/v1.5/index.html
digital,democracy/portal/v2/smushed_possible_two_halves_of_extended_edition.html,2025-12-14,19159,
digital,democracy/portal/v3/index.html,2025-12-14,3485,digital/democracy/portal/v1/index.html
digital,democracy/portal/v4/index.html,2025-12-14,965,digital/democracy/portal/forum.html
digital,index.html,2025-12-14,0,funding-influx-pipeline/docs/New Text Document.txt
directory,index.html,2025-12-14,648,
directory,v1/index.html,2025-12-14,539,index/v6/index.html
directory,v2/index.html,2025-12-14,621,
directory,v3/index.html,2025-12-14,621,directory/v2/index.html
discover,index.html,2025-12-14,2998,ai_powered_site_discovery/index.html
discover,v1/index.html,2025-12-14,2919,
DOnate,index.html,2025-12-14,1375,
door,index.html,2025-12-14,0,funding-influx-pipeline/docs/New Text Document.txt
door,open/behind/us/index.html,2025-12-14,3911,
downloads,index.html,2025-12-14,0,funding-influx-pipeline/docs/New Text Document.txt
drug,harm/untangling/hub/index.html,2025-12-14,4552,
drug,index.html,2025-12-14,0,funding-influx-pipeline/docs/New Text Document.txt
economic,divide/index.html,2025-12-14,6576,
economic,index.html,2025-12-14,0,funding-influx-pipeline/docs/New Text Document.txt
education2,00-welcome-ritual.md,2025-12-14,4835,education/00-welcome-ritual.md
education2,ANTI-THEFT-NOTICE.md,2025-12-14,9,education/ANTI-THEFT-NOTICE.md
education2,CHANGELOG.md,2025-12-14,9114,education/CHANGELOG.md
education2,CODE_OF_CONDUCT.md,2025-12-14,19023,education/CODE_OF_CONDUCT.md
education2,CONTRIBUTING.md,2025-12-14,15402,education/CONTRIBUTING.md
education2,COPYRIGHT-NOTICE.md,2025-12-14,6654,education/COPYRIGHT-NOTICE.md
education2,README.md,2025-12-14,29309,
education2,SECURITY.md,2025-12-14,9143,
education2,_admin/README.md,2025-12-14,62,
education2,classroom-tools/README.md,2025-12-14,11270,
education2,classroom-tools/assessment-rubrics/readme.md,2025-12-14,19670,education/classroom-tools/assessment-rubrics/readme.md
education2,classroom-tools/index.html,2025-12-14,738,
education2,classroom-tools/index2.html,2025-12-14,5741,
education2,classroom-tools/lesson-plans/starter-pack.md,2025-12-14,39260,education/classroom-tools/lesson-plans/starter-pack.md
education2,classroom-tools/lesson-plans/starter-pack2.md,2025-12-14,12134,education/classroom-tools/lesson-plans/starter-pack2.md
education2,classroom-tools/project-templates/README.md,2025-12-14,14046,education/classroom-tools/project-templates/README.md
education2,classroom-tools/project-templates/ai-collaboration-best-practices.md,2025-12-14,28045,education/classroom-tools/project-templates/ai-collaboration-best-practices.md
education2,classroom-tools/project-templates/assessment-philosophy.md,2025-12-14,17779,education/classroom-tools/project-templates/assessment-philosophy.md
education2,classroom-tools/project-templates/getting-started-guide.md,2025-12-14,32646,education/classroom-tools/project-templates/getting-started-guide.md
education2,classroom-tools/project-templates/project-templates-directory-structure.md,2025-12-14,10366,
education2,classroom-tools/project-templates/systems-thinking-projects/local-ecosystem-study/README.md,2025-12-14,16871,
education2,classroom-tools/project-templates/systems-thinking-projects/local-ecosystem-study/ai-collaboration-prompts.md,2025-12-14,41248,
education2,classroom-tools/project-templates/systems-thinking-projects/local-ecosystem-study/examples/forest-biodiversity-study/README.md,2025-12-14,18227,
education2,classroom-tools/project-templates/systems-thinking-projects/local-ecosystem-study/examples/forest-biodiversity-study/data-analysis-example.md,2025-12-14,199705,
education2,classroom-tools/project-templates/systems-thinking-projects/local-ecosystem-study/examples/forest-biodiversity-study/data-collection-sheets-2.md,2025-12-14,42875,
education2,classroom-tools/project-templates/systems-thinking-projects/local-ecosystem-study/examples/forest-biodiversity-study/data/README.md,2025-12-14,3,
education2,classroom-tools/project-templates/systems-thinking-projects/local-ecosystem-study/examples/forest-biodiversity-study/findings-summary.md,2025-12-14,41120,
education2,classroom-tools/project-templates/systems-thinking-projects/local-ecosystem-study/examples/forest-biodiversity-study/methodology.md,2025-12-14,22545,
education2,classroom-tools/project-templates/systems-thinking-projects/local-ecosystem-study/examples/forest-biodiversity-study/presentation-materials/README.md,2025-12-14,2206,
education2,classroom-tools/project-templates/systems-thinking-projects/local-ecosystem-study/examples/forest-biodiversity-study/presentation-materials/learning_objectives.md,2025-12-14,4812,
education2,classroom-tools/project-templates/systems-thinking-projects/local-ecosystem-study/examples/forest-biodiversity-study/presentation-materials/methodology.md,2025-12-14,1752,
education2,classroom-tools/project-templates/systems-thinking-projects/local-ecosystem-study/examples/forest-biodiversity-study/presentation-materials/presentation_script.md,2025-12-14,12687,
education2,classroom-tools/project-templates/systems-thinking-projects/local-ecosystem-study/examples/forest-biodiversity-study/presentation-materials/species_inventory.md,2025-12-14,6793,
education2,classroom-tools/project-templates/systems-thinking-projects/local-ecosystem-study/examples/forest-biodiversity-study/reflection-report-2.md,2025-12-14,53474,
education2,classroom-tools/project-templates/systems-thinking-projects/local-ecosystem-study/examples/forest-biodiversity-study/reflection-report.md,2025-12-14,56605,
education2,classroom-tools/project-templates/systems-thinking-projects/local-ecosystem-study/examples/forest-biodiversity-study/research-question-development.md,2025-12-14,23996,
education2,classroom-tools/project-templates/systems-thinking-projects/local-ecosystem-study/resources/data-collection-sheets.md,2025-12-14,42875,education2/classroom-tools/project-templates/systems-thinking-projects/local-ecosystem-study/examples/forest-biodiversity-study/data-collection-sheets-2.md
education2,classroom-tools/project-templates/systems-thinking-projects/local-ecosystem-study/resources/ecosystem-mapping-guide.md,2025-12-14,30739,
education2,classroom-tools/project-templates/systems-thinking-projects/local-ecosystem-study/resources/expert-interview-questions.md,2025-12-14,25683,
education2,classroom-tools/project-templates/systems-thinking-projects/local-ecosystem-study/resources/platform-connection-directory.md,2025-12-14,28552,
education2,classroom-tools/project-templates/systems-thinking-projects/local-ecosystem-study/resources/research-templates.md,2025-12-14,24560,
education2,classroom-tools/project-templates/systems-thinking-projects/local-ecosystem-study/student-starter-guide.md,2025-12-14,32185,
education2,classroom-tools/project-templates/systems-thinking-projects/local-ecosystem-study/teacher-guide.md,2025-12-14,33764,
education2,classroom-tools/project-templates/systems-thinking-projects/scientific-inquiry-projects/citizen-science-collaboration/README.md,2025-12-14,4,
education2,classroom-tools/project-templates/troubleshooting.md,2025-12-14,24080,education/classroom-tools/project-templates/troubleshooting.md
education2,classroom-tools/reflection-prompts/readme.md,2025-12-14,34425,education/classroom-tools/reflection-prompts/readme.md
education2,gamification-framework/README.md,2025-12-14,2126,education/gamification-framework/README.md
education2,index.html,2025-12-14,10225,
education2,institutional/implementation-roadmap.md,2025-12-14,76608,education/institutional/implementation-roadmap.md
education2,institutional/other-tools-key-takeaways.md,2025-12-14,2858,education/institutional/other-tools-key-takeaways.md
education2,licensing/readme.md,2025-12-14,2,education/licensing/readme.md
education2,miscellaneous/future-models-summary.md,2025-12-14,18653,education/miscellaneous/future-models-summary.md
education2,miscellaneous/index.html,2025-12-14,2865,education/miscellaneous/index.html
education2,miscellaneous/innovative-models.md,2025-12-14,18653,education/miscellaneous/future-models-summary.md
education2,miscellaneous/readme2.md,2025-12-14,11233,education/miscellaneous/readme2.md
education2,overlay/gamification/ui/index.html,2025-12-14,173,education/overlay/gamification/ui/index.html
education2,overlay/index.html,2025-12-14,173,education/overlay/gamification/ui/index.html
education2,reflection-journals/impact-tracker.md,2025-12-14,13635,education/reflection-journals/impact-tracker.md
education2,resources.html,2025-12-14,1278,
education2,resourcesv2.html,2025-12-14,3771,
education2,teacher-resources/classroom-tools/lesson-plans/starter-pack.md,2025-12-14,12134,education/classroom-tools/lesson-plans/starter-pack2.md
education2,teacher-resources/conversation-starters.md,2025-12-14,27991,education/teacher-resources/conversation-starters.md
education2,teacher-resources/ethical-framework.md,2025-12-14,19578,education/teacher-resources/ethical-framework.md
education2,teacher-resources/onboarding-guide.md,2025-12-14,8796,education/teacher-resources/onboarding-guide.md
education2,teacher-resources/onboarding-guide2.md,2025-12-14,32911,education/teacher-resources/onboarding-guide2.md
education2,teacher-resources/troubleshooting-guide.md,2025-12-14,39701,education/teacher-resources/troubleshooting-guide.md
education2,templates/class-ai-agreement.md,2025-12-14,14726,education/templates/class-ai-agreement.md
education3,app/index.html,2025-12-14,2880,
education3,index.html,2025-12-14,10889,
education3,tag/you/are/it/index.html,2025-12-14,1985,
emergency,evacuation/kingston/index.html,2025-12-14,7393,
emergency,evacuation/kingston/v1/index.html,2025-12-14,1589,
emergency,evacuation/port/royal/console/index.html,2025-12-14,538,
emergency,evacuation/port/royal/console/v1/index.html,2025-12-14,2029,
emergency,evacuation/port/royal/rpg/index.html,2025-12-14,604,
emergency,index.html,2025-12-14,0,funding-influx-pipeline/docs/New Text Document.txt
entropy,index.html,2025-12-14,0,funding-influx-pipeline/docs/New Text Document.txt
entropy,ticker/index.html,2025-12-14,1804,
field,index.html,2025-12-14,0,funding-influx-pipeline/docs/New Text Document.txt
field,leadership/console/index.html,2025-12-14,799,field_leadership_console/index.html
folder,index.html,2025-12-14,0,funding-influx-pipeline/docs/New Text Document.txt
folder,loader/index.html,2025-12-14,2984,
forge,ai/code/sandbox/index.html,2025-12-14,703,
forge,ai/index.html,2025-12-14,1418,
forge,index.html,2025-12-14,1738,
forge,test/index.html,2025-12-14,2228,
forge,v1/index.html,2025-12-14,2749,
forge,v2/index.html,2025-12-14,747,
Foster,+/Navi/index.html,2025-12-14,14606,
Foster,+/Navi/v1/index.html,2025-12-14,1408,
Foster,Family/Impact/Dashboard/README.md,2025-12-14,2213,
Foster,Family/Impact/Dashboard/index.html,2025-12-14,37,
Foster,Family/Impact/index.html,2025-12-14,1947,
funding,index.html,2025-12-14,7461,
funding,v1/index.html,2025-12-14,3823,
funding,v2/index.html,2025-12-14,0,funding-influx-pipeline/docs/New Text Document.txt
futurescape,index.html,2025-12-14,1507,
futuristic,guide/index.html,2025-12-14,3262,
futuristic,index.html,2025-12-14,0,funding-influx-pipeline/docs/New Text Document.txt
galactic,council/index.html,2025-12-14,7382,
galactic,index.html,2025-12-14,0,funding-influx-pipeline/docs/New Text Document.txt
galactic,steward/checklist/v1/index.html,2025-12-14,570,
galactic,steward/checklist/v2/index.html,2025-12-14,58,
galactic,steward/system/index.html,2025-12-14,529,alpha/v2/index.html
galactic,verbatim/panel/index.html,2025-12-14,681,
galaxy,dashboard/index.html,2025-12-14,2291,
galaxy,index.html,2025-12-14,0,funding-influx-pipeline/docs/New Text Document.txt
galaxy,map/index.html,2025-12-14,3011,
gamification,engine/standalone/index.html,2025-12-14,937,
gamification,index.html,2025-12-14,9009,
gamified,education/system/index.html,2025-12-14,1273,gamified_education_system_draft/index.html
gamified,index.html,2025-12-14,0,funding-influx-pipeline/docs/New Text Document.txt
gamify,forge/alpha/hidden/index.html,2025-12-14,829,
gamify,forge/alpha/index.html,2025-12-14,829,gamify/forge/alpha/hidden/index.html
gamify,forge/beta/index.html,2025-12-14,824,
gamify,forge/index.html,2025-12-14,703,forge/ai/code/sandbox/index.html
gamify,index.html,2025-12-14,0,funding-influx-pipeline/docs/New Text Document.txt
gated,cost/index.html,2025-12-14,1241,
gated,delay/cost/index.html,2025-12-14,1093,
gated,index.html,2025-12-14,1356,
gateway,actions/index.html,2025-12-14,1436,
gateway,allegations/index.html,2025-12-14,1772,
gateway,evidence/index.html,2025-12-14,1175,
gateway,index.html,2025-12-14,1181,
gateway,story/index.html,2025-12-14,1259,
gateway,timeline/index.html,2025-12-14,1679,
gaza,hope/index.html,2025-12-14,9570,
gaza,index.html,2025-12-14,0,funding-influx-pipeline/docs/New Text Document.txt
gaza,solution/1/index.html,2025-12-14,6296,
gaza,solution/2/index.html,2025-12-14,6670,
gaza,solution/3/index.html,2025-12-14,5423,
gaza,solution/4/index.html,2025-12-14,5014,
gen,image/index.html,2025-12-14,6633,
gen,index.html,2025-12-14,0,funding-influx-pipeline/docs/New Text Document.txt
gen,prompt/profession/index.html,2025-12-14,1288,
gifts,all/season/auto/repair/index.html,2025-12-14,5417,
gifts,index.html,2025-12-14,0,funding-influx-pipeline/docs/New Text Document.txt
global,hazard/dashboard/index.html,2025-12-14,487,global_hazard_dashboard/index.html
global,health/emergency/2025/september/22/ACTIVE/index.html,2025-12-14,4454,
global,index.html,2025-12-14,0,funding-influx-pipeline/docs/New Text Document.txt
global,interactive/lesson/plan/index.html,2025-12-14,5732,
global,leader/scan/README.md,2025-12-14,2295,
global,leader/scan/index.html,2025-12-14,2794,
global,neutrality/index.html,2025-12-14,1569,peace/neutrality/index.html
global,neutrality/v2/index.html,2025-12-14,1660,
global,notarization/README.md,2025-12-14,1759,
global,notarization/a.txt,2025-12-14,11,
global,peace/grid/dashboard/index.html,2025-12-14,1751,
global,peace/needle/index.html,2025-12-14,1643,
global,peace/needle/scanner/index.html,2025-12-14,10954,
global,petition/index.html,2025-12-14,3756,
global,petition/v1/index.html,2025-12-14,4235,
global,project/list/index.html,2025-12-14,4194,
global,sandbox/index.html,2025-12-14,0,funding-influx-pipeline/docs/New Text Document.txt
global,sitrep/dashboard/index.html,2025-12-14,752,
global,sitrep/dashboard/v1/index.html,2025-12-14,323,
global,stability/index.html,2025-12-14,1569,peace/neutrality/index.html
government,canada/legislation/bill/c/51/index.html,2025-12-14,1479,
government,canada/legislation/bill/c/51/v1/index.html,2025-12-14,438,
government,canada/legislation/bill/c/51/v2/index.html,2025-12-14,494,
government,index.html,2025-12-14,0,funding-influx-pipeline/docs/New Text Document.txt
government,policy/playbook/index.html,2025-12-14,655,
government,service/hospital/intake/index.html,2025-12-14,3137,
grand,index.html,2025-12-14,0,funding-influx-pipeline/docs/New Text Document.txt
grand,master/plan/index.html,2025-12-14,127944,
guardian,entropy/beacon/field/kit/index.html,2025-12-14,3112,
guardian,index.html,2025-12-14,0,funding-influx-pipeline/docs/New Text Document.txt
herolens_site_backup,Isometric vector map of.txt,2025-12-14,362,
herolens_site_backup,README.md,2025-12-14,25988,
herolens_site_backup,console/index.html,2025-12-14,464,
herolens_site_backup,first_promptly _logged_coincidence.txt,2025-12-14,112,
herolens_site_backup,gen_repo_local.py,2025-12-14,3193,
herolens_site_backup,index.html,2025-12-14,9583,
herolens_site_backup,v3/index.html,2025-12-14,1911,
hidden,index.html,2025-12-14,0,funding-influx-pipeline/docs/New Text Document.txt
hidden,prodigy/paradox/index.html,2025-12-14,6189,hidden_prodigy_paradox/index.html
home,index.html,2025-12-14,0,funding-influx-pipeline/docs/New Text Document.txt
home,page/dir_structure.txt,2025-12-14,13678,
home,page/index.html,2025-12-14,4120,dashboard/index.html
home,page/neon/index.html,2025-12-14,2237,
home,page/v2.5/v2.5.html,2025-12-14,865,
home,page/v2/index.html,2025-12-14,4138,
home,page/v3/index.html,2025-12-14,1195,
home,page/v4/index.html,2025-12-14,4120,dashboard/index.html
home,page/v5/index.html,2025-12-14,619,realtime/peace/monitoring/index.html
home,page/v6/index.html,2025-12-14,1119,story/book/ethlocked/index.html
home,page/v7/index.html,2025-12-14,2739,index/index.html
home,page/v8/index.html,2025-12-14,702,
home,page/v9/index.html,2025-12-14,1935,
honor_learning_codex,index.html,2025-12-14,891,
honors,index.html,2025-12-14,0,funding-influx-pipeline/docs/New Text Document.txt
honors,intergalactic/spacetime/sol/earth/ca/ab/edmonton/utc/minus/6/2025/10/21/dossier/v1/index.html,2025-12-14,4718,
honors,intergalactic/spacetime/sol/earth/ca/ab/edmonton/utc/minus/6/2025/10/21/dossier/v2/index.html,2025-12-14,2927,
hostanode,index.html,2025-12-14,45,
hud,demo-contracts.html,2025-12-14,49,
hud,index.html,2025-12-14,0,funding-influx-pipeline/docs/New Text Document.txt
indexv2,index.html,2025-12-14,2739,index/index.html
indexv2,v3/index.html,2025-12-14,1524,
indexv2,v4/index.html,2025-12-14,3267,crisis/response/platform/index.html
infographic,dominance.html,2025-12-14,586,
infographic,index.html,2025-12-14,586,infographic/dominance.html
innovations,README.md,2025-12-14,8940,
innovations,atmospheric-aerial/SkySpiral_Lift_Dome/policy_legal/firezone_lift_permitting.md,2025-12-14,112,
innovations,atmospheric-aerial/SkySpiral_Lift_Dome/software/spiral_dome_sim.py,2025-12-14,70,
innovations,atmospheric-aerial/SkySpiral_Lift_Dome/system_summary.md,2025-12-14,84,
innovations,atmospheric-aerial/aeroweave/mesh_controller.py,2025-12-14,1889,
innovations,atmospheric-aerial/aeroweave/readme.md,2025-12-14,2541,
innovations,atmospheric-aerial/atmospheric-filtration-drones/3d/readme.md,2025-12-14,2,education/licensing/readme.md
innovations,atmospheric-aerial/atmospheric-filtration-drones/CODE_OF_CONDUCT.md,2025-12-14,1569,
innovations,atmospheric-aerial/atmospheric-filtration-drones/SECURITY.md,2025-12-14,1692,
innovations,atmospheric-aerial/atmospheric-filtration-drones/_electronics_battery-mount-v1.md,2025-12-14,612,
innovations,atmospheric-aerial/atmospheric-filtration-drones/_electronics_gps-mount-v1.md,2025-12-14,615,
innovations,atmospheric-aerial/atmospheric-filtration-drones/_electronics_imu-mount-v1.md,2025-12-14,650,
innovations,atmospheric-aerial/atmospheric-filtration-drones/_electronics_mainboard-mount-v1.md,2025-12-14,617,
innovations,atmospheric-aerial/atmospheric-filtration-drones/_electronics_sensor-clip-v1.md,2025-12-14,660,
innovations,atmospheric-aerial/atmospheric-filtration-drones/_electronics_telemetry-mount-v1.md,2025-12-14,577,
innovations,atmospheric-aerial/atmospheric-filtration-drones/_filter-cartridge_inline-duct-adapter-v1.md,2025-12-14,830,
innovations,atmospheric-aerial/atmospheric-filtration-drones/_filter-cartridge_main-body-v1.md,2025-12-14,933,
innovations,atmospheric-aerial/atmospheric-filtration-drones/_filter-cartridge_mesh-insert-v1.md,2025-12-14,910,
innovations,atmospheric-aerial/atmospheric-filtration-drones/_filter-cartridge_sealing-gasket-ring-v1.md,2025-12-14,795,
innovations,atmospheric-aerial/atmospheric-filtration-drones/_filter-cartridge_top-cap-v1.md,2025-12-14,830,
innovations,atmospheric-aerial/atmospheric-filtration-drones/_filter-intake-funnel-v1.md,2025-12-14,577,
innovations,atmospheric-aerial/atmospheric-filtration-drones/_filter-locking-ring-v1.md,2025-12-14,587,
innovations,atmospheric-aerial/atmospheric-filtration-drones/_innovations_atmospheric-filtration-drones_ai-logic_brain-architecture-overview.md,2025-12-14,3044,
innovations,atmospheric-aerial/atmospheric-filtration-drones/_innovations_atmospheric-filtration-drones_ai-logic_emergency-fallback-rules.md,2025-12-14,2053,
innovations,atmospheric-aerial/atmospheric-filtration-drones/_innovations_atmospheric-filtration-drones_ai-logic_logic-core-init.py,2025-12-14,1775,
innovations,atmospheric-aerial/atmospheric-filtration-drones/_innovations_atmospheric-filtration-drones_ai-logic_mission-adaptation-policy.md,2025-12-14,2514,
innovations,atmospheric-aerial/atmospheric-filtration-drones/_innovations_atmospheric-filtration-drones_ai-logic_model-inference-loop.py,2025-12-14,1755,
innovations,atmospheric-aerial/atmospheric-filtration-drones/_innovations_atmospheric-filtration-drones_ai-logic_sensor-fusion-engine.py,2025-12-14,1692,
innovations,atmospheric-aerial/atmospheric-filtration-drones/_innovations_atmospheric-filtration-drones_ai-logic_task-scheduler.py,2025-12-14,1942,
innovations,atmospheric-aerial/atmospheric-filtration-drones/_innovations_atmospheric-filtration-drones_recharge_field-charging-cover-v1.md,2025-12-14,1327,
innovations,atmospheric-aerial/atmospheric-filtration-drones/_innovations_atmospheric-filtration-drones_recharge_solar-mppt-mount-v1.md,2025-12-14,1367,
innovations,atmospheric-aerial/atmospheric-filtration-drones/_innovations_atmospheric-filtration-drones_recharge_universal-dock-plate-v1.md,2025-12-14,1480,
innovations,atmospheric-aerial/atmospheric-filtration-drones/_innovations_atmospheric-filtration-drones_recharge_usb-c-power-interface-v1.md,2025-12-14,1329,
innovations,atmospheric-aerial/atmospheric-filtration-drones/_innovations_atmospheric-filtration-drones_scripts_auto-update.py,2025-12-14,1717,
innovations,atmospheric-aerial/atmospheric-filtration-drones/_innovations_atmospheric-filtration-drones_scripts_boot.py,2025-12-14,1381,
innovations,atmospheric-aerial/atmospheric-filtration-drones/_innovations_atmospheric-filtration-drones_scripts_emergency-broadcast.py,2025-12-14,1027,
innovations,atmospheric-aerial/atmospheric-filtration-drones/_innovations_atmospheric-filtration-drones_scripts_failsafe-monitor.py,2025-12-14,1367,
innovations,atmospheric-aerial/atmospheric-filtration-drones/_innovations_atmospheric-filtration-drones_scripts_log-telemetry.py,2025-12-14,1362,
innovations,atmospheric-aerial/atmospheric-filtration-drones/_innovations_atmospheric-filtration-drones_scripts_main-loop.py,2025-12-14,1355,
innovations,atmospheric-aerial/atmospheric-filtration-drones/_innovations_atmospheric-filtration-drones_swarm-control_ai-copilot-core-mount-v1.md,2025-12-14,1352,
innovations,atmospheric-aerial/atmospheric-filtration-drones/_innovations_atmospheric-filtration-drones_swarm-control_antenna-mast-mount-v1.md,2025-12-14,1309,
innovations,atmospheric-aerial/atmospheric-filtration-drones/_innovations_atmospheric-filtration-drones_swarm-control_diagnostic-port-mount-v1.md,2025-12-14,1387,
innovations,atmospheric-aerial/atmospheric-filtration-drones/_innovations_atmospheric-filtration-drones_swarm-control_failsafe-reset-module-mount-v1.md,2025-12-14,1414,
innovations,atmospheric-aerial/atmospheric-filtration-drones/_innovations_atmospheric-filtration-drones_swarm-control_primary-bus-mount-v1.md,2025-12-14,1309,
innovations,atmospheric-aerial/atmospheric-filtration-drones/_innovations_atmospheric-filtration-drones_swarm-control_radio-shield-housing-v1.md,2025-12-14,1382,
innovations,atmospheric-aerial/atmospheric-filtration-drones/_innovations_atmospheric-filtration-drones_swarm-control_signal-routing-conduit-v1.md,2025-12-14,1324,
innovations,atmospheric-aerial/atmospheric-filtration-drones/_innovations_atmospheric-filtration-drones_swarm-control_swarm-cooling-fan-mount-v1.md,2025-12-14,1356,
innovations,atmospheric-aerial/atmospheric-filtration-drones/_innovations_atmospheric-filtration-drones_swarm-control_swarm-distribution-hub-v1.md,2025-12-14,1298,
innovations,atmospheric-aerial/atmospheric-filtration-drones/_innovations_atmospheric-filtration-drones_swarm-coordination_adaptive-formations.py,2025-12-14,1809,
innovations,atmospheric-aerial/atmospheric-filtration-drones/_innovations_atmospheric-filtration-drones_swarm-coordination_behavior-sync.py,2025-12-14,1446,
innovations,atmospheric-aerial/atmospheric-filtration-drones/_innovations_atmospheric-filtration-drones_swarm-coordination_group-comms.py,2025-12-14,1857,
innovations,atmospheric-aerial/atmospheric-filtration-drones/_innovations_atmospheric-filtration-drones_swarm-coordination_leader-election.py,2025-12-14,1832,
innovations,atmospheric-aerial/atmospheric-filtration-drones/_innovations_atmospheric-filtration-drones_swarm-coordination_protocol-spec.md,2025-12-14,2074,
innovations,atmospheric-aerial/atmospheric-filtration-drones/_mounts_fan-duct-clip-v1.md,2025-12-14,744,
innovations,atmospheric-aerial/atmospheric-filtration-drones/_mounts_filter-arm-clamp-v1.md,2025-12-14,578,
innovations,atmospheric-aerial/atmospheric-filtration-drones/_mounts_housing-chassis-mount-v1.md,2025-12-14,620,
innovations,atmospheric-aerial/atmospheric-filtration-drones/_mounts_payload-magnet-plate-v1.md,2025-12-14,723,
innovations,atmospheric-aerial/atmospheric-filtration-drones/_mounts_power-distro-clip-v1.md,2025-12-14,688,
innovations,atmospheric-aerial/atmospheric-filtration-drones/_mounts_sensor-bracket-v1.md,2025-12-14,699,
innovations,atmospheric-aerial/atmospheric-filtration-drones/_note_recharge-fabrication-complete.md,2025-12-14,335,
innovations,atmospheric-aerial/atmospheric-filtration-drones/_power_modular-battery-tray-v1.md,2025-12-14,781,
innovations,atmospheric-aerial/atmospheric-filtration-drones/_power_solar-adapter-plate-v1.md,2025-12-14,813,
innovations,atmospheric-aerial/atmospheric-filtration-drones/_power_swappable-battery-rail-v1.md,2025-12-14,817,
innovations,atmospheric-aerial/atmospheric-filtration-drones/_power_usb-c-charge-dock-v1.md,2025-12-14,838,
innovations,atmospheric-aerial/atmospheric-filtration-drones/_power_voltage-regulator-clip-v1.md,2025-12-14,761,
innovations,atmospheric-aerial/atmospheric-filtration-drones/_power_xt60-socket-mount-v1.md,2025-12-14,792,
innovations,atmospheric-aerial/atmospheric-filtration-drones/_recharge_xt60-dock-v1.md,2025-12-14,921,
innovations,atmospheric-aerial/atmospheric-filtration-drones/_sensor-payload_air-quality-module-v1.md,2025-12-14,853,
innovations,atmospheric-aerial/atmospheric-filtration-drones/_sensor-payload_climate-telemetry-pod-v1.md,2025-12-14,932,
innovations,atmospheric-aerial/atmospheric-filtration-drones/_sensor-payload_extender-arm-v1.md,2025-12-14,830,
innovations,atmospheric-aerial/atmospheric-filtration-drones/_sensor-payload_gas-sensor-pod-v1.md,2025-12-14,921,
innovations,atmospheric-aerial/atmospheric-filtration-drones/ai-models/readme.md,2025-12-14,2,education/licensing/readme.md
innovations,atmospheric-aerial/atmospheric-filtration-drones/audio/readme.md,2025-12-14,2,education/licensing/readme.md
innovations,atmospheric-aerial/atmospheric-filtration-drones/blueprints/climate-modeling/readme.md,2025-12-14,2,education/licensing/readme.md
innovations,atmospheric-aerial/atmospheric-filtration-drones/blueprints/readme.md,2025-12-14,2,education/licensing/readme.md
innovations,atmospheric-aerial/atmospheric-filtration-drones/climate-modeling/readme.md,2025-12-14,1935,
innovations,atmospheric-aerial/atmospheric-filtration-drones/dao-logic/readme.md,2025-12-14,2,education/licensing/readme.md
innovations,atmospheric-aerial/atmospheric-filtration-drones/deployment-ops/autonomous-routines-guide.md,2025-12-14,2209,
innovations,atmospheric-aerial/atmospheric-filtration-drones/deployment-ops/manifest.md,2025-12-14,2048,
innovations,atmospheric-aerial/atmospheric-filtration-drones/deployment-ops/readme.md,2025-12-14,2294,
innovations,atmospheric-aerial/atmospheric-filtration-drones/deployment-ops/recharge-and-refill-cycles.md,2025-12-14,2728,
innovations,atmospheric-aerial/atmospheric-filtration-drones/deployment-ops/swarm-deployment-checklist.md,2025-12-14,1931,
innovations,atmospheric-aerial/atmospheric-filtration-drones/diagrams/readme.md,2025-12-14,2,education/licensing/readme.md
innovations,atmospheric-aerial/atmospheric-filtration-drones/examples/mission-profiles/readme.md,2025-12-14,727,
innovations,atmospheric-aerial/atmospheric-filtration-drones/fabrication/_electronics_battery-mount-v1.md,2025-12-14,612,innovations/atmospheric-aerial/atmospheric-filtration-drones/_electronics_battery-mount-v1.md
innovations,atmospheric-aerial/atmospheric-filtration-drones/fabrication/_electronics_gps-mount-v1.md,2025-12-14,615,innovations/atmospheric-aerial/atmospheric-filtration-drones/_electronics_gps-mount-v1.md
innovations,atmospheric-aerial/atmospheric-filtration-drones/fabrication/_electronics_imu-mount-v1.md,2025-12-14,650,innovations/atmospheric-aerial/atmospheric-filtration-drones/_electronics_imu-mount-v1.md
innovations,atmospheric-aerial/atmospheric-filtration-drones/fabrication/_electronics_mainboard-mount-v1 (1).md,2025-12-14,617,innovations/atmospheric-aerial/atmospheric-filtration-drones/_electronics_mainboard-mount-v1.md
innovations,atmospheric-aerial/atmospheric-filtration-drones/fabrication/_electronics_sensor-clip-v1.md,2025-12-14,660,innovations/atmospheric-aerial/atmospheric-filtration-drones/_electronics_sensor-clip-v1.md
innovations,atmospheric-aerial/atmospheric-filtration-drones/fabrication/_electronics_telemetry-mount-v1.md,2025-12-14,577,innovations/atmospheric-aerial/atmospheric-filtration-drones/_electronics_telemetry-mount-v1.md
innovations,atmospheric-aerial/atmospheric-filtration-drones/fabrication/_filter-cartridge_inline-duct-adapter-v1.md,2025-12-14,830,innovations/atmospheric-aerial/atmospheric-filtration-drones/_filter-cartridge_inline-duct-adapter-v1.md
innovations,atmospheric-aerial/atmospheric-filtration-drones/fabrication/_filter-cartridge_main-body-v1.md,2025-12-14,933,innovations/atmospheric-aerial/atmospheric-filtration-drones/_filter-cartridge_main-body-v1.md
innovations,atmospheric-aerial/atmospheric-filtration-drones/fabrication/_filter-cartridge_mesh-insert-v1.md,2025-12-14,910,innovations/atmospheric-aerial/atmospheric-filtration-drones/_filter-cartridge_mesh-insert-v1.md
innovations,atmospheric-aerial/atmospheric-filtration-drones/fabrication/_filter-cartridge_sealing-gasket-ring-v1.md,2025-12-14,795,innovations/atmospheric-aerial/atmospheric-filtration-drones/_filter-cartridge_sealing-gasket-ring-v1.md
innovations,atmospheric-aerial/atmospheric-filtration-drones/fabrication/_filter-cartridge_top-cap-v1.md,2025-12-14,830,innovations/atmospheric-aerial/atmospheric-filtration-drones/_filter-cartridge_top-cap-v1.md
innovations,atmospheric-aerial/atmospheric-filtration-drones/fabrication/_filter-core-insert-v1.md,2025-12-14,685,
innovations,atmospheric-aerial/atmospheric-filtration-drones/fabrication/_filter-intake-funnel-v1.md,2025-12-14,577,innovations/atmospheric-aerial/atmospheric-filtration-drones/_filter-intake-funnel-v1.md
innovations,atmospheric-aerial/atmospheric-filtration-drones/fabrication/_filter-locking-ring-v1.md,2025-12-14,587,innovations/atmospheric-aerial/atmospheric-filtration-drones/_filter-locking-ring-v1.md
innovations,atmospheric-aerial/atmospheric-filtration-drones/fabrication/_innovations_atmospheric-filtration-drones_recharge_field-charging-cover-v1.md,2025-12-14,1327,innovations/atmospheric-aerial/atmospheric-filtration-drones/_innovations_atmospheric-filtration-drones_recharge_field-charging-cover-v1.md
innovations,atmospheric-aerial/atmospheric-filtration-drones/fabrication/_innovations_atmospheric-filtration-drones_recharge_solar-mppt-mount-v1.md,2025-12-14,1367,innovations/atmospheric-aerial/atmospheric-filtration-drones/_innovations_atmospheric-filtration-drones_recharge_solar-mppt-mount-v1.md
innovations,atmospheric-aerial/atmospheric-filtration-drones/fabrication/_innovations_atmospheric-filtration-drones_recharge_universal-dock-plate-v1.md,2025-12-14,1480,innovations/atmospheric-aerial/atmospheric-filtration-drones/_innovations_atmospheric-filtration-drones_recharge_universal-dock-plate-v1.md
innovations,atmospheric-aerial/atmospheric-filtration-drones/fabrication/_innovations_atmospheric-filtration-drones_recharge_usb-c-power-interface-v1.md,2025-12-14,1329,innovations/atmospheric-aerial/atmospheric-filtration-drones/_innovations_atmospheric-filtration-drones_recharge_usb-c-power-interface-v1.md
innovations,atmospheric-aerial/atmospheric-filtration-drones/fabrication/_innovations_atmospheric-filtration-drones_swarm-control_ai-copilot-core-mount-v1.md,2025-12-14,1352,innovations/atmospheric-aerial/atmospheric-filtration-drones/_innovations_atmospheric-filtration-drones_swarm-control_ai-copilot-core-mount-v1.md
innovations,atmospheric-aerial/atmospheric-filtration-drones/fabrication/_innovations_atmospheric-filtration-drones_swarm-control_antenna-mast-mount-v1.md,2025-12-14,1309,innovations/atmospheric-aerial/atmospheric-filtration-drones/_innovations_atmospheric-filtration-drones_swarm-control_antenna-mast-mount-v1.md
innovations,atmospheric-aerial/atmospheric-filtration-drones/fabrication/_innovations_atmospheric-filtration-drones_swarm-control_diagnostic-port-mount-v1.md,2025-12-14,1387,innovations/atmospheric-aerial/atmospheric-filtration-drones/_innovations_atmospheric-filtration-drones_swarm-control_diagnostic-port-mount-v1.md
innovations,atmospheric-aerial/atmospheric-filtration-drones/fabrication/_innovations_atmospheric-filtration-drones_swarm-control_failsafe-reset-module-mount-v1.md,2025-12-14,1414,innovations/atmospheric-aerial/atmospheric-filtration-drones/_innovations_atmospheric-filtration-drones_swarm-control_failsafe-reset-module-mount-v1.md
innovations,atmospheric-aerial/atmospheric-filtration-drones/fabrication/_innovations_atmospheric-filtration-drones_swarm-control_primary-bus-mount-v1.md,2025-12-14,1309,innovations/atmospheric-aerial/atmospheric-filtration-drones/_innovations_atmospheric-filtration-drones_swarm-control_primary-bus-mount-v1.md
innovations,atmospheric-aerial/atmospheric-filtration-drones/fabrication/_innovations_atmospheric-filtration-drones_swarm-control_radio-shield-housing-v1.md,2025-12-14,1382,innovations/atmospheric-aerial/atmospheric-filtration-drones/_innovations_atmospheric-filtration-drones_swarm-control_radio-shield-housing-v1.md
innovations,atmospheric-aerial/atmospheric-filtration-drones/fabrication/_innovations_atmospheric-filtration-drones_swarm-control_signal-routing-conduit-v1.md,2025-12-14,1324,innovations/atmospheric-aerial/atmospheric-filtration-drones/_innovations_atmospheric-filtration-drones_swarm-control_signal-routing-conduit-v1.md
innovations,atmospheric-aerial/atmospheric-filtration-drones/fabrication/_innovations_atmospheric-filtration-drones_swarm-control_swarm-cooling-fan-mount-v1.md,2025-12-14,1356,innovations/atmospheric-aerial/atmospheric-filtration-drones/_innovations_atmospheric-filtration-drones_swarm-control_swarm-cooling-fan-mount-v1.md
innovations,atmospheric-aerial/atmospheric-filtration-drones/fabrication/_innovations_atmospheric-filtration-drones_swarm-control_swarm-distribution-hub-v1.md,2025-12-14,1298,innovations/atmospheric-aerial/atmospheric-filtration-drones/_innovations_atmospheric-filtration-drones_swarm-control_swarm-distribution-hub-v1.md
innovations,atmospheric-aerial/atmospheric-filtration-drones/fabrication/_mounts_fan-duct-clip-v1.md,2025-12-14,744,innovations/atmospheric-aerial/atmospheric-filtration-drones/_mounts_fan-duct-clip-v1.md
innovations,atmospheric-aerial/atmospheric-filtration-drones/fabrication/_mounts_filter-arm-clamp-v1.md,2025-12-14,578,innovations/atmospheric-aerial/atmospheric-filtration-drones/_mounts_filter-arm-clamp-v1.md
innovations,atmospheric-aerial/atmospheric-filtration-drones/fabrication/_mounts_payload-magnet-plate-v1.md,2025-12-14,723,innovations/atmospheric-aerial/atmospheric-filtration-drones/_mounts_payload-magnet-plate-v1.md
innovations,atmospheric-aerial/atmospheric-filtration-drones/fabrication/_mounts_power-distro-clip-v1.md,2025-12-14,688,innovations/atmospheric-aerial/atmospheric-filtration-drones/_mounts_power-distro-clip-v1.md
innovations,atmospheric-aerial/atmospheric-filtration-drones/fabrication/_mounts_sensor-bracket-v1.md,2025-12-14,699,innovations/atmospheric-aerial/atmospheric-filtration-drones/_mounts_sensor-bracket-v1.md
innovations,atmospheric-aerial/atmospheric-filtration-drones/fabrication/_note_recharge-fabrication-complete.md,2025-12-14,335,innovations/atmospheric-aerial/atmospheric-filtration-drones/_note_recharge-fabrication-complete.md
innovations,atmospheric-aerial/atmospheric-filtration-drones/fabrication/_power_modular-battery-tray-v1.md,2025-12-14,781,innovations/atmospheric-aerial/atmospheric-filtration-drones/_power_modular-battery-tray-v1.md
innovations,atmospheric-aerial/atmospheric-filtration-drones/fabrication/_power_solar-adapter-plate-v1.md,2025-12-14,813,innovations/atmospheric-aerial/atmospheric-filtration-drones/_power_solar-adapter-plate-v1.md
innovations,atmospheric-aerial/atmospheric-filtration-drones/fabrication/_power_swappable-battery-rail-v1.md,2025-12-14,817,innovations/atmospheric-aerial/atmospheric-filtration-drones/_power_swappable-battery-rail-v1.md
innovations,atmospheric-aerial/atmospheric-filtration-drones/fabrication/_power_usb-c-charge-dock-v1.md,2025-12-14,838,innovations/atmospheric-aerial/atmospheric-filtration-drones/_power_usb-c-charge-dock-v1.md
innovations,atmospheric-aerial/atmospheric-filtration-drones/fabrication/_power_voltage-regulator-clip-v1.md,2025-12-14,761,innovations/atmospheric-aerial/atmospheric-filtration-drones/_power_voltage-regulator-clip-v1.md
innovations,atmospheric-aerial/atmospheric-filtration-drones/fabrication/_power_xt60-socket-mount-v1.md,2025-12-14,792,innovations/atmospheric-aerial/atmospheric-filtration-drones/_power_xt60-socket-mount-v1.md
innovations,atmospheric-aerial/atmospheric-filtration-drones/fabrication/_recharge_xt60-dock-v1.md,2025-12-14,921,innovations/atmospheric-aerial/atmospheric-filtration-drones/_recharge_xt60-dock-v1.md
innovations,atmospheric-aerial/atmospheric-filtration-drones/fabrication/_sensor-payload_air-quality-module-v1.md,2025-12-14,853,innovations/atmospheric-aerial/atmospheric-filtration-drones/_sensor-payload_air-quality-module-v1.md
innovations,atmospheric-aerial/atmospheric-filtration-drones/fabrication/_sensor-payload_climate-telemetry-pod-v1.md,2025-12-14,932,innovations/atmospheric-aerial/atmospheric-filtration-drones/_sensor-payload_climate-telemetry-pod-v1.md
innovations,atmospheric-aerial/atmospheric-filtration-drones/fabrication/_sensor-payload_extender-arm-v1.md,2025-12-14,830,innovations/atmospheric-aerial/atmospheric-filtration-drones/_sensor-payload_extender-arm-v1.md
innovations,atmospheric-aerial/atmospheric-filtration-drones/fabrication/_sensor-payload_gas-sensor-pod-v1.md,2025-12-14,921,innovations/atmospheric-aerial/atmospheric-filtration-drones/_sensor-payload_gas-sensor-pod-v1.md
innovations,atmospheric-aerial/atmospheric-filtration-drones/fabrication/readme.md,2025-12-14,2,education/licensing/readme.md
innovations,atmospheric-aerial/atmospheric-filtration-drones/ipfs-metadata/readme.md,2025-12-14,2,education/licensing/readme.md
innovations,atmospheric-aerial/atmospheric-filtration-drones/media/readme.md,2025-12-14,2,education/licensing/readme.md
innovations,atmospheric-aerial/atmospheric-filtration-drones/presentation/readme.md,2025-12-14,2,education/licensing/readme.md
innovations,atmospheric-aerial/atmospheric-filtration-drones/projections/cost-filtration-efficiency-table.md,2025-12-14,3064,
innovations,atmospheric-aerial/atmospheric-filtration-drones/projections/filter-type-performance.md,2025-12-14,342,
innovations,atmospheric-aerial/atmospheric-filtration-drones/projections/simulation-outliers.md,2025-12-14,1620,
innovations,atmospheric-aerial/atmospheric-filtration-drones/readme.md,2025-12-14,6014,
innovations,atmospheric-aerial/atmospheric-filtration-drones/safety-checks/readme.md,2025-12-14,2,education/licensing/readme.md
innovations,atmospheric-aerial/atmospheric-filtration-drones/scripts/readme.md,2025-12-14,2,education/licensing/readme.md
innovations,atmospheric-aerial/atmospheric-filtration-drones/sketches/readme.md,2025-12-14,2,education/licensing/readme.md
innovations,atmospheric-aerial/atmospheric-filtration-drones/supporting-docs/readme.md,2025-12-14,2,education/licensing/readme.md
innovations,atmospheric-aerial/atmospheric-filtration-drones/swarm-controller.py,2025-12-14,1940,
innovations,atmospheric-aerial/atmospheric-filtration-drones/termux-offline/readme.md,2025-12-14,2,education/licensing/readme.md
innovations,atmospheric-aerial/atmospheric-filtration-drones/testing/readme.md,2025-12-14,2,education/licensing/readme.md
innovations,atmospheric-aerial/atmospheric-filtration-drones/torrent-metadata/readme.md,2025-12-14,2,education/licensing/readme.md
innovations,atmospheric-aerial/atmospheric-filtration-drones/video/readme.md,2025-12-14,2,education/licensing/readme.md
innovations,atmospheric-aerial/atmospheric-mycelial-towers/readme.md,2025-12-14,5956,
innovations,atmospheric-aerial/readme.md,2025-12-14,2812,
innovations,biosphere-climate/aqualens/README.md,2025-12-14,172,
innovations,biosphere-climate/aqualens/policy_legal/legal.md,2025-12-14,148,
innovations,biosphere-climate/aqualens/software/contaminant_scanner.py,2025-12-14,48,planetary-restoration-archive/innovations/biosphere-climate/aqualens/software/contaminant_scanner.py
innovations,biosphere-climate/aqualens/system_summary.md,2025-12-14,202,
innovations,biosphere-climate/bioburstdrum/README.md,2025-12-14,199,
innovations,biosphere-climate/bioburstdrum/policy_legal/legal.md,2025-12-14,158,
innovations,biosphere-climate/bioburstdrum/software/drum_firing_controller.py,2025-12-14,56,planetary-restoration-archive/innovations/biosphere-climate/bioburstdrum/software/drum_firing_controller.py
innovations,biosphere-climate/bioburstdrum/system_summary.md,2025-12-14,332,
innovations,biosphere-climate/biolume/README.md,2025-12-14,150,
innovations,biosphere-climate/biolume/policy_legal/legal.md,2025-12-14,129,
innovations,biosphere-climate/biolume/software/sync_agent.py,2025-12-14,51,planetary-restoration-archive/innovations/biosphere-climate/biolume/software/sync_agent.py
innovations,biosphere-climate/biolume/system_summary.md,2025-12-14,275,
innovations,biosphere-climate/biospheric-cascade-engine/blueprints/01-sediment-shepherd/readme.md,2025-12-14,2,education/licensing/readme.md
innovations,biosphere-climate/biospheric-cascade-engine/blueprints/blueprint-2-tide-driven-irrigation-for-mangrove-restoration.md,2025-12-14,4378,
innovations,biosphere-climate/biospheric-cascade-engine/blueprints/blueprint-module-1.md,2025-12-14,4346,
innovations,biosphere-climate/biospheric-cascade-engine/currentcourier/readme.md,2025-12-14,3782,
innovations,biosphere-climate/biospheric-cascade-engine/floodharvest/readme.md,2025-12-14,4385,
innovations,biosphere-climate/biospheric-cascade-engine/gravpulse/readme.md,2025-12-14,4386,
innovations,biosphere-climate/biospheric-cascade-engine/index.md,2025-12-14,1746,
innovations,biosphere-climate/biospheric-cascade-engine/readme.md,2025-12-14,5047,
innovations,biosphere-climate/biospheric-cascade-engine/sediment-shepherd/readme.md,2025-12-14,4078,
innovations,biosphere-climate/biospheric-cascade-engine/shared/glossary.md,2025-12-14,684,
innovations,biosphere-climate/biospheric-cascade-engine/shared/references.md,2025-12-14,837,
innovations,biosphere-climate/biospheric-cascade-engine/thermospiral/readme.md,2025-12-14,4257,
innovations,biosphere-climate/biospheric-cascade-engine/tidal-pulse/readme.md,2025-12-14,4120,
innovations,biosphere-climate/biospheric-cascade-engine/vortexroot/readme.md,2025-12-14,4479,
innovations,biosphere-climate/biospheric-cascade-engine/waveforge/readme.md,2025-12-14,3740,
innovations,biotic-infrastructure/algal-biolattice-panels/readme.md,2025-12-14,6390,
innovations,bioweave/README_BioWeave.md,2025-12-14,2547,
innovations,bioweave/bio_growth_controller.py,2025-12-14,1773,
innovations,bioweave/how_to_synthesize.txt,2025-12-14,2430,
innovations,bioweave/system_summary.md,2025-12-14,1758,
innovations,decentralized-file-reconstructor/agent_orchestrator.py,2025-12-14,2,education/licensing/readme.md
innovations,decentralized-file-reconstructor/ai_models/clip_wrapper.py,2025-12-14,1200,
innovations,decentralized-file-reconstructor/ai_models/stablediffusion_wrapper.py,2025-12-14,1209,
innovations,decentralized-file-reconstructor/ai_models/t5_fallback.py,2025-12-14,1155,
innovations,decentralized-file-reconstructor/ai_models/vicuna_wrapper.py,2025-12-14,1219,
innovations,decentralized-file-reconstructor/config/system_config.py,2025-12-14,906,
innovations,decentralized-file-reconstructor/docs/ram_bypass_whitepaper.md,2025-12-14,3767,
innovations,decentralized-file-reconstructor/readme.md,2025-12-14,2854,
innovations,decentralized-file-reconstructor/reconstructor.py,2025-12-14,3452,
innovations,decentralized-file-reconstructor/system_summary.md,2025-12-14,4194,
innovations,decentralized-file-reconstructor/utils/chunk_utils.py,2025-12-14,647,
innovations,decentralized-file-reconstructor/utils/ipfs_client.py,2025-12-14,1291,
innovations,decentralized-file-reconstructor/utils/output_writer.py,2025-12-14,1517,
innovations,eco-sim-grid/readme.md,2025-12-14,4708,
innovations,fire-recovery-resilience/cryoseedhalo/README.md,2025-12-14,187,
innovations,fire-recovery-resilience/cryoseedhalo/policy_legal/legal.md,2025-12-14,173,
innovations,fire-recovery-resilience/cryoseedhalo/software/release_sequence_controller.py,2025-12-14,63,planetary-restoration-archive/innovations/fire-recovery-resilience/cryoseedhalo/software/release_sequence_controller.py
innovations,fire-recovery-resilience/cryoseedhalo/system_summary.md,2025-12-14,343,
innovations,fire-recovery-resilience/embernet/README.md,2025-12-14,173,
innovations,fire-recovery-resilience/embernet/policy_legal/legal.md,2025-12-14,153,
innovations,fire-recovery-resilience/embernet/software/thermal_net_trigger.py,2025-12-14,74,planetary-restoration-archive/innovations/fire-recovery-resilience/embernet/software/thermal_net_trigger.py
innovations,fire-recovery-resilience/embernet/system_summary.md,2025-12-14,323,
innovations,fire-recovery-resilience/emberroot/README.md,2025-12-14,166,
innovations,fire-recovery-resilience/emberroot/policy_legal/legal.md,2025-12-14,144,
innovations,fire-recovery-resilience/emberroot/software/subsoil_monitor.py,2025-12-14,94,planetary-restoration-archive/innovations/fire-recovery-resilience/emberroot/software/subsoil_monitor.py
innovations,fire-recovery-resilience/emberroot/system_summary.md,2025-12-14,214,
innovations,fire-recovery-resilience/firenest/README.md,2025-12-14,207,
innovations,fire-recovery-resilience/firenest/policy_legal/legal.md,2025-12-14,153,
innovations,fire-recovery-resilience/firenest/software/thermal_alert_system.py,2025-12-14,49,planetary-restoration-archive/innovations/fire-recovery-resilience/firenest/software/thermal_alert_system.py
innovations,fire-recovery-resilience/firenest/system_summary.md,2025-12-14,278,
innovations,fire-recovery-resilience/fog-harvester-veil/readme.md,2025-12-14,6069,
innovations,intergenerational/HeroLens/contributing.md,2025-12-14,3266,
innovations,intergenerational/HeroLens/legal/LEGAL_OPINIONS_ARCHIVE.md,2025-12-14,1285,
innovations,intergenerational/HeroLens/readme.md,2025-12-14,5900,
innovations,intergenerational/lego-4-life/readme.md,2025-12-14,5090,
innovations,intergenerational/rootweaver/README.md,2025-12-14,154,
innovations,intergenerational/rootweaver/policy_legal/legal.md,2025-12-14,143,
innovations,intergenerational/rootweaver/software/growth_monitor.py,2025-12-14,67,planetary-restoration-archive/innovations/intergenerational/rootweaver/software/growth_monitor.py
innovations,intergenerational/rootweaver/system_summary.md,2025-12-14,190,
innovations,reforestation-aggro/eco-sim/readme.md,2025-12-14,2,education/licensing/readme.md
innovations,reforestation-aggro/modular-rainfed-agroforestry-pods/readme.md,2025-12-14,6087,
innovations,special-projects/closed-loop-catalytic-respirator/readme.md,2025-12-14,4264,
innovations,special-projects/pyrorootcapsule/README.md,2025-12-14,133,
innovations,special-projects/pyrorootcapsule/policy_legal/legal.md,2025-12-14,154,
innovations,special-projects/pyrorootcapsule/software/trigger_logic.py,2025-12-14,161,
innovations,special-projects/pyrorootcapsule/system_summary.md,2025-12-14,401,
innovations,terrasage/README.md,2025-12-14,189,
innovations,terrasage/policy_legal/legal.md,2025-12-14,186,
innovations,terrasage/software/biosignal_analysis_agent.py,2025-12-14,67,planetary-restoration-archive/innovations/terrasage/software/biosignal_analysis_agent.py
innovations,terrasage/system_summary.md,2025-12-14,358,
innovations,verdantvault/README.md,2025-12-14,195,
innovations,verdantvault/policy_legal/legal.md,2025-12-14,189,
innovations,verdantvault/software/vault_sync_agent.py,2025-12-14,83,planetary-restoration-archive/innovations/verdantvault/software/vault_sync_agent.py
innovations,verdantvault/system_summary.md,2025-12-14,396,
innovations,virabloom/README.md,2025-12-14,206,
innovations,virabloom/policy_legal/legal.md,2025-12-14,193,
innovations,virabloom/software/pod_coordination_agent.py,2025-12-14,67,planetary-restoration-archive/innovations/virabloom/software/pod_coordination_agent.py
innovations,virabloom/system_summary.md,2025-12-14,389,
innovations,water-desalination/HydroLoop™_FullProject/README.md,2025-12-14,6933,
innovations,water-desalination/HydroLoop™_FullProject/blueprints_v1/modular_unit_frame.md,2025-12-14,1822,
innovations,water-desalination/HydroLoop™_FullProject/dao-integration.md,2025-12-14,2920,
innovations,water-desalination/HydroLoop™_FullProject/energy_variants/solar_thermal_variant.md,2025-12-14,1263,
innovations,water-desalination/HydroLoop™_FullProject/hybrid_variant.md,2025-12-14,2024,
innovations,water-desalination/HydroLoop™_FullProject/hydroloop_overview.md,2025-12-14,5288,
innovations,water-desalination/HydroLoop™_FullProject/maintenance_guide.md,2025-12-14,4861,
innovations,water-desalination/HydroLoop™_FullProject/manual_variant.md,2025-12-14,2011,
innovations,water-desalination/HydroLoop™_FullProject/materials_list.txt,2025-12-14,2888,
innovations,water-desalination/HydroLoop™_FullProject/policy_legal/legal.md,2025-12-14,47,
innovations,water-desalination/HydroLoop™_FullProject/sketches/conceptual_sketch_1.md,2025-12-14,1458,
innovations,water-desalination/HydroLoop™_FullProject/software/main.py,2025-12-14,82,
innovations,water-desalination/HydroLoop™_FullProject/system_summary.md,2025-12-14,99,
innovations,water-desalination/skyweave/README.md,2025-12-14,167,
innovations,water-desalination/skyweave/policy_legal/legal.md,2025-12-14,114,
innovations,water-desalination/skyweave/software/climate_control_agent.py,2025-12-14,36,planetary-restoration-archive/innovations/water-desalination/skyweave/software/climate_control_agent.py
innovations,water-desalination/skyweave/system_summary.md,2025-12-14,182,
innovations,water-desalination/solar-mycodesalination-dunes/readme.md,2025-12-14,6395,
inter,galactic/index.html,2025-12-14,647,
inter,index.html,2025-12-14,0,funding-influx-pipeline/docs/New Text Document.txt
inter,intergenerationalwisdommovement/README.md,2025-12-14,10143,
inter,national/sync/index.html,2025-12-14,2019,
interactive,index.html,2025-12-14,17231,
trinidad_health_hub,index.html,2025-12-14,2155,
leaderboards,index.html,2025-12-14,124,
leaderboards,v1/index.html,2025-12-14,10343,
leadership,dashboard/index.html,2025-12-14,1770,
leadership,dashboard/v1/index.html,2025-12-14,518,
leadership,index.html,2025-12-14,0,funding-influx-pipeline/docs/New Text Document.txt
learning,experience/canada/restoring/states/index.html,2025-12-14,2827,
learning,experience/index.html,2025-12-14,1770,leadership/dashboard/index.html
learning,index.html,2025-12-14,0,funding-influx-pipeline/docs/New Text Document.txt
lebanon,hub/index.html,2025-12-14,9717,
lebanon,hub/water/index.html,2025-12-14,21813,
lebanon,hub/water/v1/index.html,2025-12-14,21813,lebanon/hub/water/index.html
lebanon,index.html,2025-12-14,0,funding-influx-pipeline/docs/New Text Document.txt
ledger,index.html,2025-12-15,298,
lifequest,index.html,2025-12-15,0,funding-influx-pipeline/docs/New Text Document.txt
lifequest,rpg/index.html,2025-12-15,7458,
lifequest,rpg/v1/index.html,2025-12-15,618,
location,country/ca/ab/ymm/heat/hope/index.html,2025-12-16,5404,
location,country/ca/ab/ymm/heat/hope/indexv1.html,2025-12-16,2895,
location,country/ca/ab/ymm/heat/hope/indexv2.html,2025-12-16,577,
master,README.md,2025-12-16,609,
master,first_batch.md,2025-12-16,7700,
master,hub/entry.html,2025-12-16,4128,
master,hub/game.html,2025-12-16,1869,
master,hub/index.html,2025-12-16,5516,
master,hub/pasta.html,2025-12-16,3590,
master,hub/puzzles.html,2025-12-16,2047,
master,hub/v1/index.html,2025-12-16,5516,master/hub/index.html
master,index.html,2025-12-16,0,funding-influx-pipeline/docs/New Text Document.txt
master,prompt/sovereignty/index.html,2025-12-16,4748,
master,todo/index.html,2025-12-16,1196,
meta,domain/holo/gram/index.html,2025-12-16,774,
meta,domain/holo/gram/v1/index.html,2025-12-16,38,
meta,index.html,2025-12-16,0,funding-influx-pipeline/docs/New Text Document.txt
meta,prompt/chain/index.html,2025-12-16,0,funding-influx-pipeline/docs/New Text Document.txt
meta,system/index.html,2025-12-16,4235,
mindmaps,ai/safety/index.html,2025-12-16,214,
mindmaps,index.html,2025-12-16,469,
mirror,index.html,2025-12-16,0,funding-influx-pipeline/docs/New Text Document.txt
mirror,zero-harm/index.html,2025-12-16,478,
morocco,index.html,2025-12-16,992,
morocco,monitor/index.html,2025-12-16,2272,
morocco,omninode/index.html,2025-12-16,1375,
morocco,resilience/feature/pack/index.html,2025-12-16,692,
morocco,resilience/feature/pack/v1/index.html,2025-12-16,1804,
morocco,v1/index.html,2025-12-16,2176,
multi,index.html,2025-12-16,0,funding-influx-pipeline/docs/New Text Document.txt
multi,modal/duress/auth/index.html,2025-12-16,4755,
mycelial,bank/index.html,2025-12-16,1835,authorship/v3/index.html
mycelial,index.html,2025-12-16,0,funding-influx-pipeline/docs/New Text Document.txt
mycelial,safety/net/index.html,2025-12-16,422,
mycelial,strategy/bank/index.html,2025-12-16,1934,
mycelial,strategy/bank/v1/core/index.analytics.html,2025-12-16,955,
mycelial,strategy/bank/v1/core/index.collab.html,2025-12-16,2241,
mycelial,strategy/bank/v1/core/index.core.html,2025-12-16,1092,
mycelial,strategy/bank/v1/core/index.grandmaster.html,2025-12-16,1009,
mycelial,strategy/bank/v1/core/index.sync.html,2025-12-16,1549,
mycelial,strategy/bank/v2/index.html,2025-12-16,1747,
mycelial,strategy/bank/v3/index.html,2025-12-16,1931,
mythbridge,index.html,2025-12-16,1014,
narrative,index.html,2025-12-16,0,funding-influx-pipeline/docs/New Text Document.txt
narrative,reframing/index.html,2025-12-16,1561,
narrative,reframing/magic/index.html,2025-12-16,1290,
notes,creations/index.html,2025-12-16,0,funding-influx-pipeline/docs/New Text Document.txt
notes,index.html,2025-12-16,0,funding-influx-pipeline/docs/New Text Document.txt
ontology,1/index.html,2025-12-16,7382,galactic/council/index.html
ontology,index.html,2025-12-16,0,funding-influx-pipeline/docs/New Text Document.txt
overlay,header/edu-header.html,2025-12-16,23,
overlay,index.html,2025-12-16,0,funding-influx-pipeline/docs/New Text Document.txt
overnight,government/assistance/aid/worker/safety/index.html,2025-12-16,4349,
overnight,government/assistance/aid/worker/support/index.html,2025-12-16,4313,
overnight,government/assistance/climate/finance/alignment/index.html,2025-12-16,6001,
overnight,government/assistance/climate/finance/bridge/index.html,2025-12-16,5531,
overnight,government/assistance/drc/ops/index.html,2025-12-16,2689,
overnight,government/assistance/drc/outbreak/index.html,2025-12-16,4263,
overnight,government/assistance/drc/outbreak/v2/index.html,2025-12-16,4304,
overnight,government/assistance/ga/debates/index.html,2025-12-16,1768,
overnight,government/assistance/ga/debates/v2/index.html,2025-12-16,2532,
overnight,government/assistance/ga/funding/index.html,2025-12-16,3374,
overnight,government/assistance/ga/funding/v1/index.html,2025-12-16,2030,
overnight,government/assistance/index/index.html,2025-12-16,879,
overnight,government/assistance/index/v1/index.html,2025-12-16,423,
overnight,government/assistance/index/v2/index.html,2025-12-16,759,
overnight,government/assistance/trump/action/plan/index.html,2025-12-16,7391,
overnight,index.html,2025-12-16,0,funding-influx-pipeline/docs/New Text Document.txt
overnight,solutions/afghanistan/index.html,2025-12-16,6566,
overnight,solutions/africa/v1/index.html,2025-12-16,8138,
overnight,solutions/burgeo/index.html,2025-12-16,4291,
overnight,solutions/burkina_faso/index.html,2025-12-16,3722,
overnight,solutions/congo/east/index.html,2025-12-16,5775,
overnight,solutions/egypt/index.html,2025-12-16,5187,
overnight,solutions/egypt/v1/index.html,2025-12-16,5187,overnight/solutions/egypt/index.html
overnight,solutions/ethiopia/amhara/index.html,2025-12-16,5250,
overnight,solutions/ethiopia/north/index.html,2025-12-16,4749,
overnight,solutions/ethiopia/pastoral-belts/index.html,2025-12-16,4750,
overnight,solutions/ethiopia/tigray/index.html,2025-12-16,5212,
overnight,solutions/gaza/index.html,2025-12-16,6707,
overnight,solutions/gaza/v2/index.html,2025-12-16,6707,overnight/solutions/gaza/index.html
overnight,solutions/greece/index.html,2025-12-16,0,funding-influx-pipeline/docs/New Text Document.txt
overnight,solutions/greece/v1/index.html,2025-12-16,9672,
overnight,solutions/haiti/index.html,2025-12-16,5402,
overnight,solutions/india/bangladesh/index.html,2025-12-16,15689,
overnight,solutions/india/bangladesh/v1/index.html,2025-12-16,4454,
overnight,solutions/india/dhaka/index.html,2025-12-16,1878,
overnight,solutions/myanmar/index.html,2025-12-16,6861,
overnight,solutions/opt/index.html,2025-12-16,6905,
overnight,solutions/san_francisco/index.html,2025-12-16,29493,
overnight,solutions/san_francisco/v1/index.html,2025-12-16,4618,
overnight,solutions/soloman/index.html,2025-12-16,8360,
overnight,solutions/soloman/youth/index.html,2025-12-16,11385,
overnight,solutions/somalia/index.html,2025-12-16,4827,
overnight,solutions/sudan/index.html,2025-12-16,4019,
overnight,solutions/sudan/south/index.html,2025-12-16,4775,
overnight,solutions/syria/index.html,2025-12-16,5100,
overnight,solutions/trinidad/index.html,2025-12-16,7574,
overnight,solutions/yemen/index.html,2025-12-16,5073,
path,green/index.html,2025-12-16,7408,
path,green/readme.md,2025-12-16,7904,
path,index.html,2025-12-16,0,funding-influx-pipeline/docs/New Text Document.txt
peace-lab,index.html,2025-12-16,2447,peace/lab/index.html
pgp,index.html,2025-12-16,1467,
play,dir_structure.txt,2025-12-16,13678,home/page/dir_structure.txt
play,index.html,2025-12-16,0,funding-influx-pipeline/docs/New Text Document.txt
play,peace/game/hub/contracts/2/ReputationSBT.sol,2025-12-16,12882,
play,peace/game/hub/contracts/2/index.html,2025-12-16,1726,
play,peace/game/hub/contracts/3/index.html,2025-12-16,1805,
play,peace/game/hub/index.html,2025-12-16,1028,
play,peace/game/hub/v1/index.html,2025-12-16,1514,
play,peace/game/hub/v3/index.html,2025-12-16,3830,
prime,index.html,2025-12-16,0,funding-influx-pipeline/docs/New Text Document.txt
prime,sentinel/control/room/1/index.html,2025-12-16,833,
prime,sentinel/control/room/2/index.html,2025-12-16,920,
prime-sentinel,index.html,2025-12-16,2840,
prime-sentinel,super-import-twoclick.html,2025-12-16,359,
prime-sentinel,v1/index.html,2025-12-16,5820,
prime-sentinel,v2/index.html,2025-12-16,4118,
prime-sentinel,v3/index.html,2025-12-16,1134,
prompt,chain/README.txt,2025-12-16,6331,
prompt,future-proof/README.md,2025-12-16,8033,
prompt,guardrails/index.html,2025-12-16,46,
prompt,index.html,2025-12-16,0,funding-influx-pipeline/docs/New Text Document.txt
prompt,pack/DIRECTORY_STRUCTURE.txt,2025-12-16,163,
prompt,pack/index.html,2025-12-16,237,
prompt,template/README.md,2025-12-16,609,master/README.md
prompt,template/first_batch.md,2025-12-16,7700,master/first_batch.md
prompt,template/index.html,2025-12-16,2447,
promptpacks,DIRECTORY_STRUCTURE.txt,2025-12-16,163,prompt/pack/DIRECTORY_STRUCTURE.txt
promptpacks,index.html,2025-12-16,237,prompt/pack/index.html
proposal,index.html,2025-12-16,0,funding-influx-pipeline/docs/New Text Document.txt
proposal,tesla/index.html,2025-12-16,3512,
public,alert/index.html,2025-12-16,8731,
public,index.html,2025-12-16,0,funding-influx-pipeline/docs/New Text Document.txt
quantum,index.html,2025-12-16,0,funding-influx-pipeline/docs/New Text Document.txt
quantum,secure/streaming/platform/index.html,2025-12-16,929,
quantum,story/engine/arabic/v1/index.html,2025-12-16,1314,
quantum,story/engine/arabic/v2/index.html,2025-12-16,1314,quantum/story/engine/arabic/v1/index.html
random,Foster+Navi4Peace.html,2025-12-16,8174,
random,funder_decision_brief_index.html,2025-12-16,5882,
random,index.html,2025-12-16,16272,
random,test.txt,2025-12-16,0,funding-influx-pipeline/docs/New Text Document.txt
reciprocity,index.html,2025-12-16,0,funding-influx-pipeline/docs/New Text Document.txt
reciprocity,wheel/index.html,2025-12-16,2071,
ref_from_website,crypto/sol/custom/gpt/rare/peace/engineer/hybrid/index.html,2025-12-16,2963,
ref_from_website,crypto/sol/custom/gpt/rare/peace/engineer/hybrid/role.html,2025-12-16,1916,
ref_from_website,crypto/sol/research/index.html,2025-12-16,0,funding-influx-pipeline/docs/New Text Document.txt
ref_from_website,custom/instructions/meta/systems/architect/index.html,2025-12-16,4616,
ref_from_website,index.html,2025-12-16,0,funding-influx-pipeline/docs/New Text Document.txt
ref_from_website,loading/screen/regen/index.html,2025-12-16,54,
ref_from_website,meta/1/bibliography.html,2025-12-16,1042,
ref_from_website,meta/1/canvas.html,2025-12-16,432,
ref_from_website,meta/1/comms.html,2025-12-16,1147,
ref_from_website,meta/1/donations.html,2025-12-16,1167,
ref_from_website,meta/1/ethics.html,2025-12-16,1628,
ref_from_website,meta/1/gamification.html,2025-12-16,1368,
ref_from_website,meta/1/impact.html,2025-12-16,1266,
ref_from_website,meta/1/index.html,2025-12-16,709,
ref_from_website,meta/1/instructions.txt,2025-12-16,6224,
ref_from_website,meta/1/missions.html,2025-12-16,1293,
ref_from_website,meta/1/proofs.html,2025-12-16,1247,
ref_from_website,meta/1/pwa.html,2025-12-16,1639,
ref_from_website,meta/1/stewards.html,2025-12-16,804,
ref_from_website,meta/1/themes.html,2025-12-16,402,
ref_from_website,meta/1/v1/index.html,2025-12-16,2063,
ref_from_website,meta/1/v2/index.html,2025-12-16,897,
ref_from_website,meta/alpha.txt,2025-12-16,3172,
ref_from_website,meta/genesis/index.html,2025-12-16,40245,
ref_from_website,meta/genesis/v2/index.html,2025-12-16,9047,
ref_from_website,meta/genesis/v3/index.html,2025-12-16,13249,
ref_from_website,meta/genesis/v4/index.html,2025-12-16,14874,
ref_from_website,meta/genesis/v5/index.html,2025-12-16,14643,
ref_from_website,prime/protorepo.txt,2025-12-16,6043,
ref_from_website,prompt/sovereign/index.html,2025-12-16,5552,
ref_from_website,role/index.html,2025-12-16,2814,
ref_from_website,role/rare/index.html,2025-12-16,2814,ref_from_website/role/index.html
ref_from_website,rss/README_RSS_INTEGRATION.txt,2025-12-16,1923,
ref_from_website,sommer/rise/index.html,2025-12-16,11295,
ref_from_website,splash/1/index.html,2025-12-16,179,
ref_from_website,splash/2/index.html,2025-12-16,0,funding-influx-pipeline/docs/New Text Document.txt
ref_from_website,story/meta/v1/index.html,2025-12-16,14227,
ref_from_website,story/meta/v1/plain.txt,2025-12-16,14227,ref_from_website/story/meta/v1/index.html
ref_from_website,style/star/1.txt,2025-12-16,553,
ref_from_website,theme/constellation/1/index.html,2025-12-16,315,
ref_from_website,translation/script1.html,2025-12-16,0,funding-influx-pipeline/docs/New Text Document.txt
ref_from_website,unity/protocol/index.html,2025-12-16,19118,
reforestation,desert/index.html,2025-12-16,4235,
reforestation,index.html,2025-12-16,0,funding-influx-pipeline/docs/New Text Document.txt
regen,archive/governance/constitution/index.html,2025-12-16,7314,
regen,archive/index.html,2025-12-16,3724,
regen,node/afghanistan/index.html,2025-12-16,6566,overnight/solutions/afghanistan/index.html
regen,node/africa/index.html,2025-12-16,8138,overnight/solutions/africa/v1/index.html
regen,node/africa/pilot/index.html,2025-12-16,14392,
regen,node/africa/pilot/index_v1/index.html,2025-12-16,289,
regen,node/africa/pilot/index_v2/index.html,2025-12-16,1349,
regen,node/africa/pilot/ux.html,2025-12-16,9300,
regen,node/africa/sri_lanka/index.html,2025-12-16,5538,
regen,node/africa/west/burkina_fasa/index.html,2025-12-16,3715,
regen,node/africa/west/index.html,2025-12-16,3722,overnight/solutions/burkina_faso/index.html
regen,node/africa/west/mali/index.html,2025-12-16,8811,
regen,node/africa/west/mali/v1/index.html,2025-12-16,2041,
regen,node/africa/west/mali/v2/index.html,2025-12-16,2041,regen/node/africa/west/mali/v1/index.html
regen,node/africa/west/niger/index.html,2025-12-16,0,funding-influx-pipeline/docs/New Text Document.txt
regen,node/america/central/guatemala/index.html,2025-12-16,3444,
regen,node/america/central/honduras/index.html,2025-12-16,8622,
regen,node/america/index.html,2025-12-16,10758,
regen,node/america/latin/andean/water/index.html,2025-12-16,7196,
regen,node/america/navajo/water/index.html,2025-12-16,12015,
regen,node/asia/south/food/index.html,2025-12-16,3323,
regen,node/asia/south/index.html,2025-12-16,8070,
regen,node/asia/south/water/index.html,2025-12-16,9006,
regen,node/bolivia/altiplano/food/index.html,2025-12-16,3323,regen/node/asia/south/food/index.html
regen,node/bolivia/altiplano/water/index.html,2025-12-16,9006,regen/node/asia/south/water/index.html
regen,node/canada/ab/calgary/index.html,2025-12-16,6046,
regen,node/canada/ab/calgary/index.md,2025-12-16,65,
regen,node/canada/ab/calgary/v1/index.html,2025-12-16,6046,regen/node/canada/ab/calgary/index.html
regen,node/canada/ab/edmonton/index.html,2025-12-16,6280,
regen,node/canada/ab/edmonton/index.md,2025-12-16,66,
regen,node/canada/bc/burnaby/index.html,2025-12-16,6088,
regen,node/canada/bc/burnaby/index.md,2025-12-16,65,
regen,node/canada/bc/deployment-plan.md,2025-12-16,60,
regen,node/canada/bc/richmond/index.md,2025-12-16,66,
regen,node/canada/bc/surrey/index.md,2025-12-16,64,
regen,node/canada/bc/vancouver/index.md,2025-12-16,67,
regen,node/canada/bc/victoria/index.md,2025-12-16,66,
regen,node/canada/index.html,2025-12-16,9104,
regen,node/canada/man/winnipeg/index.md,2025-12-16,66,
regen,node/canada/nb/fredericton/index.md,2025-12-16,69,
regen,node/canada/nb/moncton/index.md,2025-12-16,65,
regen,node/canada/nl/town/index.md,2025-12-16,68,
regen,node/canada/ns/halifax/index.md,2025-12-16,65,
regen,node/canada/nu/iqaluit/index.md,2025-12-16,65,
regen,node/canada/on/brampton/index.html,2025-12-16,6926,
regen,node/canada/on/brampton/index.md,2025-12-16,66,
regen,node/canada/on/hamilton/index.md,2025-12-16,66,
regen,node/canada/on/kitchener/index.md,2025-12-16,67,
regen,node/canada/on/london/index.md,2025-12-16,74,
regen,node/canada/on/markham/index.md,2025-12-16,65,
regen,node/canada/on/sherbrooke/index.md,2025-12-16,68,
regen,node/canada/on/toronto/index.md,2025-12-16,65,
regen,node/canada/on/vaughan/index.md,2025-12-16,65,
regen,node/canada/on/windsor/index.md,2025-12-16,65,
regen,node/canada/pei/charlotte/index.md,2025-12-16,67,
regen,node/canada/pei/charlottetown/index.md,2025-12-16,71,
regen,node/canada/qc/city/index.md,2025-12-16,69,
regen,node/canada/qc/gatineau/index.md,2025-12-16,66,
regen,node/canada/qc/laval/index.md,2025-12-16,63,
regen,node/canada/qc/longueuil/index.md,2025-12-16,67,
regen,node/canada/qc/montreal/index.md,2025-12-16,66,
regen,node/canada/qc/ottawa/index.md,2025-12-16,64,
regen,node/canada/qc/saguenay/index.md,2025-12-16,66,
regen,node/canada/qc/trois_rivières/index.md,2025-12-16,72,
regen,node/canada/sk/regina/index.md,2025-12-16,64,
regen,node/canada/sk/saskatoon/index.md,2025-12-16,67,
regen,node/canada/yt/whitehorse/index.md,2025-12-16,68,
regen,node/canada/yt/yellowknife/index.md,2025-12-16,69,
regen,node/caribbean/index.html,2025-12-16,8600,
regen,node/caribbean/water/v1/index.html,2025-12-16,6183,
regen,node/china/beijing/blueprints.md,2025-12-16,1585,
regen,node/china/beijing/city-scan.md,2025-12-16,1186,
regen,node/china/beijing/deployment-plan.md,2025-12-16,2085,
regen,node/china/beijing/english/blueprints.md,2025-12-16,4236,
regen,node/china/beijing/english/city-scan.md,2025-12-16,2547,
regen,node/china/beijing/english/deployment-plan.md,2025-12-16,3659,
regen,node/china/beijing/english/final-manifesto.md,2025-12-16,2189,
regen,node/china/beijing/english/forks.md,2025-12-16,2591,
regen,node/china/beijing/english/forks2.md,2025-12-16,519,
regen,node/china/beijing/english/impact-metrics.md,2025-12-16,3386,
regen,node/china/beijing/english/introduction.md,2025-12-16,4184,
regen,node/china/beijing/english/orchestration-logic.md,2025-12-16,3083,
regen,node/china/beijing/english/regen-framework.md,2025-12-16,3879,
regen,node/china/beijing/english/tech-stack.md,2025-12-16,4140,
regen,node/china/beijing/final-manifesto.md,2025-12-16,881,
regen,node/china/beijing/forks.md,2025-12-16,1141,
regen,node/china/beijing/impact-metrics.md,2025-12-16,1267,
regen,node/china/beijing/introduction.md,2025-12-16,1020,
regen,node/china/beijing/orchestration-logic.md,2025-12-16,1570,
regen,node/china/beijing/regen-framework.md,2025-12-16,1972,
regen,node/china/beijing/tech-stack.md,2025-12-16,1513,
regen,node/congo/east/index.html,2025-12-16,5775,overnight/solutions/congo/east/index.html
regen,node/egypt/index.html,2025-12-16,5187,overnight/solutions/egypt/index.html
regen,node/egypt/v1/index.html,2025-12-16,5187,overnight/solutions/egypt/index.html
regen,node/ethiopia/amhara/index.html,2025-12-16,5250,overnight/solutions/ethiopia/amhara/index.html
regen,node/ethiopia/north/index.html,2025-12-16,4749,overnight/solutions/ethiopia/north/index.html
regen,node/ethiopia/pastoral-belts/index.html,2025-12-16,4750,overnight/solutions/ethiopia/pastoral-belts/index.html
regen,node/ethiopia/tigray/index.html,2025-12-16,5212,overnight/solutions/ethiopia/tigray/index.html
regen,node/europe/kosovo/index.html,2025-12-16,6533,
regen,node/europe/southeast/water/index.html,2025-12-16,6305,
regen,node/gaza/index.html,2025-12-16,6707,overnight/solutions/gaza/index.html
regen,node/gaza/v2/index.html,2025-12-16,6707,overnight/solutions/gaza/index.html
regen,node/greece/index.html,2025-12-16,0,funding-influx-pipeline/docs/New Text Document.txt
regen,node/greece/v1/index.html,2025-12-16,9672,overnight/solutions/greece/v1/index.html
regen,node/haiti/artibonite/index.html,2025-12-16,8704,
regen,node/haiti/artibonite/v1/index.html,2025-12-16,14204,
regen,node/haiti/index.html,2025-12-16,5402,overnight/solutions/haiti/index.html
regen,node/honduras/index.html,2025-12-16,8622,regen/node/america/central/honduras/index.html
regen,node/index.html,2025-12-16,185,
regen,node/index3.html,2025-12-16,25730,
regen,node/india/bangladesh/v1/index.html,2025-12-16,4454,overnight/solutions/india/bangladesh/v1/index.html
regen,node/india/bangladesh/youth/index.html,2025-12-16,15689,overnight/solutions/india/bangladesh/index.html
regen,node/india/dhaka/index.html,2025-12-16,1878,overnight/solutions/india/dhaka/index.html
regen,node/indonesia/nusa_tenggara/index.html,2025-12-16,0,funding-influx-pipeline/docs/New Text Document.txt
regen,node/lebanon/index.html,2025-12-16,6273,
regen,node/madagascar/index.html,2025-12-16,2645,
regen,node/madagascar/v1/index.html,2025-12-16,5659,
regen,node/madagascar/v2/index.html,2025-12-16,5659,regen/node/madagascar/v1/index.html
regen,node/madagascar/v3/index.html,2025-12-16,5110,
regen,node/madagascar/v4/index.html,2025-12-16,3277,
regen,node/madagascar/v5/index.html,2025-12-16,11085,
regen,node/madagascar/v6/index.html,2025-12-16,9579,
regen,node/madagascar/v8/index.html,2025-12-16,11078,
regen,node/mexico/Cancún/index.md,2025-12-16,64,
regen,node/mexico/Ciudad_Juárez/index.md,2025-12-16,71,
regen,node/mexico/El_Paso/index.md,2025-12-16,65,
regen,node/mexico/Guadalajara/index.md,2025-12-16,69,
regen,node/mexico/León/index.md,2025-12-16,62,
regen,node/mexico/Mesa/index.md,2025-12-16,62,
regen,node/mexico/Mexico_City/index.md,2025-12-16,69,
regen,node/mexico/Mérida/index.md,2025-12-16,64,
regen,node/mexico/Puebla/index.md,2025-12-16,64,
regen,node/mexico/Tijuana/index.md,2025-12-16,65,
regen,node/mexico/Zapopan/index.md,2025-12-16,65,
regen,node/myanmar/index.html,2025-12-16,6861,overnight/solutions/myanmar/index.html
regen,node/netherlands/amsterdam/appendices.md,2025-12-16,4216,
regen,node/netherlands/amsterdam/city-scan.md,2025-12-16,4741,
regen,node/netherlands/amsterdam/deployment-plan.md,2025-12-16,4512,
regen,node/netherlands/amsterdam/forks.md,2025-12-16,4239,
regen,node/netherlands/amsterdam/funding-strategy.md,2025-12-16,4758,
regen,node/netherlands/amsterdam/global-replicability.md,2025-12-16,4073,
regen,node/netherlands/amsterdam/introduction.md,2025-12-16,3148,
regen,node/netherlands/amsterdam/mythos.md,2025-12-16,3732,
regen,node/netherlands/amsterdam/public-engagement.md,2025-12-16,4178,
regen,node/netherlands/amsterdam/regen-framework.md,2025-12-16,3577,
regen,node/netherlands/amsterdam/rituals.md,2025-12-16,4017,
regen,node/netherlands/amsterdam/sector-blueprints.md,2025-12-16,4925,
regen,node/netherlands/amsterdam/tech-stack.md,2025-12-16,4441,
regen,node/new_guinea/papua/index.html,2025-12-16,9528,
regen,node/new_guinea/papua/water/index.html,2025-12-16,9377,
regen,node/oceania/kiribati/food/index.html,2025-12-16,9164,
regen,node/oceania/kiribati/index.html,2025-12-16,9164,regen/node/oceania/kiribati/food/index.html
regen,node/oceania/kiribati/water/index.html,2025-12-16,9377,regen/node/new_guinea/papua/water/index.html
regen,node/oceania/tuvalu/food/index.html,2025-12-16,6793,
regen,node/oceania/tuvalu/index.html,2025-12-16,0,funding-influx-pipeline/docs/New Text Document.txt
regen,node/opt/index.html,2025-12-16,6905,overnight/solutions/opt/index.html
regen,node/random.html,2025-12-16,8646,
regen,node/scanner/index.html,2025-12-16,2042,
regen,node/soloman/index.html,2025-12-16,8360,overnight/solutions/soloman/index.html
regen,node/soloman/youth/index.html,2025-12-16,11385,overnight/solutions/soloman/youth/index.html
regen,node/somalia/index.html,2025-12-16,4827,overnight/solutions/somalia/index.html
regen,node/sudan/index.html,2025-12-16,4019,overnight/solutions/sudan/index.html
regen,node/sudan/south/index.html,2025-12-16,4775,overnight/solutions/sudan/south/index.html
regen,node/syria/index.html,2025-12-16,6273,regen/node/lebanon/index.html
regen,node/syria/v1/index.html,2025-12-16,5100,overnight/solutions/syria/index.html
regen,node/trinidad/index.html,2025-12-16,7574,overnight/solutions/trinidad/index.html
regen,node/usa/Albuquerque/index.md,2025-12-16,72,
regen,node/usa/Anchorage/index.md,2025-12-16,67,
regen,node/usa/Arlington/index.md,2025-12-16,67,
regen,node/usa/Atlanta/index.md,2025-12-16,65,
regen,node/usa/Austin/index.md,2025-12-16,64,
regen,node/usa/Baltimore/index.md,2025-12-16,67,
regen,node/usa/Boise/index.md,2025-12-16,63,
regen,node/usa/Boston/index.md,2025-12-16,64,
regen,node/usa/Chicago/index.md,2025-12-16,65,
regen,node/usa/Colorado_Springs/index.md,2025-12-16,74,
regen,node/usa/Columbus/index.md,2025-12-16,66,
regen,node/usa/Dallas/index.md,2025-12-16,64,
regen,node/usa/Denver/index.md,2025-12-16,64,
regen,node/usa/Detroit/index.md,2025-12-16,65,
regen,node/usa/Fort_Worth/index.md,2025-12-16,68,
regen,node/usa/Fresno/index.md,2025-12-16,64,
regen,node/usa/Honolulu/index.md,2025-12-16,66,
regen,node/usa/Houston/index.md,2025-12-16,65,
regen,node/usa/Indianapolis/index.md,2025-12-16,70,
regen,node/usa/Jacksonville/index.md,2025-12-16,70,
regen,node/usa/Kansas_City/index.md,2025-12-16,69,
regen,node/usa/Las_Vegas/index.md,2025-12-16,67,
regen,node/usa/Los_Angeles/index.md,2025-12-16,69,
regen,node/usa/Louisville/index.md,2025-12-16,68,
regen,node/usa/Memphis/index.md,2025-12-16,65,
regen,node/usa/Miami/index.md,2025-12-16,63,
regen,node/usa/Milwaukee/index.md,2025-12-16,67,
regen,node/usa/Minneapolis/index.md,2025-12-16,69,
regen,node/usa/Mississauga/index.md,2025-12-16,69,
regen,node/usa/Monterrey/index.md,2025-12-16,67,
regen,node/usa/Nashville/index.md,2025-12-16,67,
regen,node/usa/New_Orleans/index.md,2025-12-16,69,
regen,node/usa/New_York_City/appendices.md,2025-12-16,3609,
regen,node/usa/New_York_City/city-scan.md,2025-12-16,3014,
regen,node/usa/New_York_City/deployment-plan.md,2025-12-16,3758,
regen,node/usa/New_York_City/forks.md,2025-12-16,3104,
regen,node/usa/New_York_City/funding-strategy.md,2025-12-16,4331,
regen,node/usa/New_York_City/global-replicability.md,2025-12-16,3898,
regen,node/usa/New_York_City/index.md,2025-12-16,71,
regen,node/usa/New_York_City/introduction.md,2025-12-16,2562,
regen,node/usa/New_York_City/mythos.md,2025-12-16,3948,
regen,node/usa/New_York_City/public-engagement.md,2025-12-16,3975,
regen,node/usa/New_York_City/regen-framework.md,2025-12-16,3986,
regen,node/usa/New_York_City/ritual-library.md,2025-12-16,3910,
regen,node/usa/New_York_City/roadmap.md,2025-12-16,3265,
regen,node/usa/New_York_City/sector-blueprints.md,2025-12-16,4667,
regen,node/usa/New_York_City/tech-stack.md,2025-12-16,4259,
regen,node/usa/Oklahoma_City/index.md,2025-12-16,71,
regen,node/usa/Omaha/index.md,2025-12-16,63,
regen,node/usa/Philadelphia/index.md,2025-12-16,70,
regen,node/usa/Phoenix/index.md,2025-12-16,65,
regen,node/usa/Portland/index.md,2025-12-16,66,
regen,node/usa/Raleigh/index.md,2025-12-16,65,
regen,node/usa/Sacramento/index.md,2025-12-16,68,
regen,node/usa/Salt_Lake_City/index.md,2025-12-16,72,
regen,node/usa/San_Antonio/index.md,2025-12-16,69,
regen,node/usa/San_Diego/index.md,2025-12-16,67,
regen,node/usa/San_Francisco/index.md,2025-12-16,71,
regen,node/usa/San_Jose/index.md,2025-12-16,66,
regen,node/usa/Seattle/index.md,2025-12-16,65,
regen,node/usa/Tampa/index.md,2025-12-16,63,
regen,node/usa/Tucson/index.md,2025-12-16,64,
regen,node/usa/Washington_DC/index.md,2025-12-16,71,
regen,node/usa/Wichita/index.md,2025-12-16,65,
regen,node/usa/california/deployment-plan.md,2025-12-16,66,
regen,node/usa/index.html,2025-12-16,4789,
regen,node/yemen/index.html,2025-12-16,5073,overnight/solutions/yemen/index.html
registry,index.html,2025-12-16,0,funding-influx-pipeline/docs/New Text Document.txt
registry,mapper/index.html,2025-12-16,1228,index/v2/index.html
relief,index.html,2025-12-16,101,
research,chain/index.html,2025-12-16,1445,
research,gamification/index.html,2025-12-16,30232,
research,index.html,2025-12-16,602,
restoranation,index.html,2025-12-16,3045,
restoration,index.html,2025-12-16,0,funding-influx-pipeline/docs/New Text Document.txt
restoration,tariff/platform/index.html,2025-12-16,5215,
roles,hub/index.html,2025-12-16,536,
roles,index.html,2025-12-16,0,funding-influx-pipeline/docs/New Text Document.txt
saga,index.html,2025-12-16,17639,
scaffolding,index.html,2025-12-16,0,funding-influx-pipeline/docs/New Text Document.txt
sentinel,index.html,2025-12-16,0,funding-influx-pipeline/docs/New Text Document.txt
sentinel,stream/edge/index.html,2025-12-16,1946,
shell,index.html,2025-12-16,478,mirror/zero-harm/index.html
signal,index.html,2025-12-16,8262,anti-corruption/corruption/canada/index/index.html
sitrep,extended/checklist/index.html,2025-12-16,8740,
sitrep,index.html,2025-12-16,0,funding-influx-pipeline/docs/New Text Document.txt
social,index.html,2025-12-16,2240,
social,v1/index.html,2025-12-16,1348,
social,v1/mesh/index.html,2025-12-16,1875,
social,v1/mesh/online/index.html,2025-12-16,1348,social/v1/index.html
solidarity,index.html,2025-12-16,54,
special,index.html,2025-12-16,0,funding-influx-pipeline/docs/New Text Document.txt
special,request/index.html,2025-12-16,2794,
special,request/v1/index.html,2025-12-16,2953,
star,forge/constellation/story/book/1/index.html,2025-12-16,544,
star,forge/constellation/story/book/2/index.html,2025-12-16,476,
star,forge/constellation/story/book/index.html,2025-12-16,150,
star,index.html,2025-12-16,0,funding-influx-pipeline/docs/New Text Document.txt
starlink,impact/index.html,2025-12-16,7691,
starlink,impact/physics/index.html,2025-12-16,4707,
starlink,impact/physics/part_2.html,2025-12-16,0,funding-influx-pipeline/docs/New Text Document.txt
starlink,index.html,2025-12-16,0,funding-influx-pipeline/docs/New Text Document.txt
storage,index.html,2025-12-16,737,
storage,v1/index.html,2025-12-16,578,
stream,index.html,2025-12-16,0,funding-influx-pipeline/docs/New Text Document.txt
stream,sanctuary/index.html,2025-12-16,8800,
stream,sanctuary/v1/index.html,2025-12-16,3921,
stream,sanctuary/v2/index.html,2025-12-16,4714,
sunset,index.html,2025-12-16,3522,
survival,field/kit/basic/index.html,2025-12-16,2642,
survival,field/kit/index.html,2025-12-16,11085,regen/node/madagascar/v5/index.html
survival,guide/alt/index.html,2025-12-16,7176,
survival,guide/index.html,2025-12-16,9246,
survival,index.html,2025-12-16,0,funding-influx-pipeline/docs/New Text Document.txt
sym,fungi/shield/index.html,2025-12-16,2041,peace/auto/v2/index.html
sym,fungi/shield/v1/index.html,2025-12-16,2478,
sym,fungi/shield/v2/index.html,2025-12-16,1651,
sym,fungi/shield/v3/index.html,2025-12-16,2478,sym/fungi/shield/v1/index.html
sym,index.html,2025-12-16,0,funding-influx-pipeline/docs/New Text Document.txt
symbiote,globalsymbioteledger/README.md,2025-12-16,1885,
symbiote,globalsymbioteledger/docs/installation.md,2025-12-16,116,
symbiote,globalsymbioteledger/docs/overview.md,2025-12-16,69,
symbiote,globalsymbioteledger/docs/requirements.txt,2025-12-16,41,
symbiote,globalsymbioteledger/docs/usage.md,2025-12-16,72,
symbiote,globalsymbioteledger/src/main.py,2025-12-16,119,
symbiote,index.html,2025-12-16,0,funding-influx-pipeline/docs/New Text Document.txt
symbiote,news/index.html,2025-12-16,794,
symbiote,news/v2/index.html,2025-12-16,720,
symbiote,news/v3/index.html,2025-12-16,839,
symbiote,orchestrator/index.html,2025-12-16,2212,Symbiote_Orchestrator/index.html
symbiote,orchestrator/v1/index.html,2025-12-16,3327,
symbiote,orchestrator/v2/index.html,2025-12-16,9048,
symbiote,role/index.html,2025-12-16,2252,
symbiote,role/meta/dashboard/index.html,2025-12-16,4120,dashboard/index.html
symbiote,role/meta/dashboard/index.txt,2025-12-16,66083,
symbiote,role/meta/dashboard/v2/index.html,2025-12-16,1350,
symbiote,role/meta/dashboard/v2/symbiote-dashboard.html,2025-12-16,1350,symbiote/role/meta/dashboard/v2/index.html
symbiote,role/meta/dashboard/v3/index.html,2025-12-16,844,
symbiote,role/meta/dashboard/v4/index.html,2025-12-16,2782,
symbiote,role/meta/dashboard/v5/index.html,2025-12-16,1350,symbiote/role/meta/dashboard/v2/index.html
symbiote,role/meta/dashboard/v6/index.html,2025-12-16,1458,
symbiote,role/meta/dashboard/v7/index.html,2025-12-16,521,
symbiote,role/meta/dashboard/v9/index.html,2025-12-16,4134,
symbiote,role/peace/keeper/dashboard/index.html,2025-12-16,521,symbiote/role/meta/dashboard/v7/index.html
symbiote,unified/dashboard/index.html,2025-12-16,628,
tesla,call/mapper/index.html,2025-12-16,4970,
tesla,edmonton/index.html,2025-12-16,7785,
tesla,index.html,2025-12-16,0,funding-influx-pipeline/docs/New Text Document.txt
tesla,request/index.html,2025-12-16,10771,
tesla,request/v1/index.html,2025-12-16,31047,
test,gamification/hud/1/index.html,2025-12-16,54,
test,gamification/hud/2/index.html,2025-12-16,53,
test,gamification/hud/3/index.html,2025-12-16,60,
test,gamification/hud/4/index.html,2025-12-16,65,
test,gamification/hud/5/index.html,2025-12-16,58,
test,gamification/hud/6/index.html,2025-12-16,64,
test,gamification/hud/gpt_title_Sitewide_HUD_Solutions.txt,2025-12-16,62,
test,index.html,2025-12-16,4117,
test,max/index.html,2025-12-16,1179,
test,role/index.html,2025-12-16,513,peace/ledger/index.html
test,splash/0.html,2025-12-16,69,
test,splash/1.html,2025-12-16,107,
test,splash/2.html,2025-12-16,103,
test,splash/3.html,2025-12-16,164,
test,splash/4.html,2025-12-16,378,
test,splash/5.html,2025-12-16,378,test/splash/4.html
test,splash/index.html,2025-12-16,20253,story/book/template/index.html
test,ui/index.html,2025-12-16,1191,
test,ui/schema/v1/index.html,2025-12-16,1560,
test,ui/schema/v2/index.html,2025-12-16,1978,
test,ui/schema/v3/index.html,2025-12-16,1075,
the_plan,dashboard/index.html,2025-12-16,1184,
the_plan,index.html,2025-12-16,1455,
the_plan,mechanics/index.html,2025-12-16,5696,
the_plan,missions/index.html,2025-12-16,5288,
the_plan,teachers/index.html,2025-12-16,3097,
the_plan,v2/dashboards.html,2025-12-16,1581,
the_plan,v2/index.html,2025-12-16,12797,
the_plan,verify/index.html,2025-12-16,3219,
todo,index.html,2025-12-16,701,
tor_guide,android/index.html,2025-12-16,2823,
tor_guide,index.html,2025-12-16,0,funding-influx-pipeline/docs/New Text Document.txt
trolls,index.html,2025-12-16,2872,
unentangle,engine/index.html,2025-12-16,1702,
unentangle,unentangle.html,2025-12-16,2131,
unentangle,v1/index.html,2025-12-16,2231,
unentangle,v2/index.html,2025-12-16,1702,
verbatim,index.html,2025-12-16,5114,
warning,index.html,2025-12-16,0,funding-influx-pipeline/docs/New Text Document.txt
warning,memo/index.html,2025-12-16,4663,
warning,memo/v1/index.html,2025-12-16,919,
water,hub/index.html,2025-12-16,11268,
water,hub/v1/index.html,2025-12-16,5764,
why,index.html,2025-12-16,3000,
willow,emberly/index.html,2025-12-16,7231,
willow,index.html,2025-12-16,0,funding-influx-pipeline/docs/New Text Document.txt
zero,harm/kernel/index.html,2025-12-16,2421,
zero,harm/orchestrator/index.html,2025-12-16,1309,
zero,harm/protocol/shell/index.html,2025-12-16,2236,
zero,index.html,2025-12-16,0,funding-influx-pipeline/docs/New Text Document.txt
zero,storm/story/architect/index.html,2025-12-16,3881,
2025_december_17_notes,ASSUMPTION_1.md,2025-12-17,343,
2025_december_17_notes,README.md,2025-12-17,458,
2025_december_17_notes,README2.md,2025-12-17,1097,
2025_december_18_notes,README.md,2025-12-18,1219,
2025_december_18_notes,README2.md,2025-12-18,3850,
2025_december_18_notes,README3.md,2025-12-18,243,
2025_december_19_notes,README.md,2025-12-19,1363,
2025_december_19_notes,README10.md,2025-12-19,1057,
2025_december_19_notes,README2.md,2025-12-19,454,
2025_december_19_notes,README3.md,2025-12-19,878,
2025_december_19_notes,README4.md,2025-12-19,427,
2025_december_19_notes,README5.md,2025-12-19,1822,
2025_december_19_notes,README6.md,2025-12-19,1485,
2025_december_19_notes,README7.md,2025-12-19,3864,
2025_december_19_notes,README8.md,2025-12-19,1507,
2025_december_19_notes,README9.md,2025-12-19,5992,
explorer_entanglements,jdvance/README.md,2025-12-21,21466,
explorer_entanglements,jdvance/index.html,2025-12-21,2740,
explorer_entanglements,jdvance/matrix/index.html,2025-12-21,2526,
explorer_entanglements,jdvance/method/index.html,2025-12-21,2172,
stewardship,index.html,2025-12-21,16691,
stewardship,v1/index.html,2025-12-21,21816,
cindys_cleaning_service,index.html,2025-12-22,10382,
cindys_cleaning_service,v1/index.html,2025-12-22,7161,
firefighter_untanglement,index.html,2025-12-22,25448,
firefighter_untanglement,v1/index.html,2025-12-22,17597,
protips,index.html,2025-12-23,8206,
aladdin,index.html,2025-12-23,1882,
aladdin,v1/index.html,2025-12-23,2948,
storytelling_empowerment,index.html,2025-12-23,12073,
planetary_steward_field_manual,claude_broken_chats/file_0/v1/index.html,2025-12-23,13256,
planetary_steward_field_manual,index.html,2025-12-23,8972,
safeguarding_collection,doctrine_modules_blueprint/index.html,2025-12-23,11068,
safeguarding_collection,future.html,2025-12-23,5387,
safeguarding_collection,index.html,2025-12-23,4828,
safeguarding_collection,institutions.html,2025-12-23,3887,
safeguarding_collection,peacekeeping.html,2025-12-23,4418,
drug_war_reframe,index.html,2025-12-23,2873,
drug_war_reframe,index2.html,2025-12-23,2471,
drug_war_reframe,index3.html,2025-12-23,2901,
drug_war_reframe,index4.html,2025-12-23,2546,
drug_war_reframe,index5.html,2025-12-23,2993,
drug_war_reframe,index6.html,2025-12-23,2300,
drug_war_reframe,index7.html,2025-12-23,2135,
peacekeeping,ceasefire_mechanics/index.html,2025-12-23,544,
peacekeeping,ceasefire_mechanics/indexa.html,2025-12-23,0,funding-influx-pipeline/docs/New Text Document.txt
peacekeeping,index.html,2025-12-23,11210,
oral_biomechanical_engineering,ATTRIBUTIONS.md,2025-12-24,289,
oral_biomechanical_engineering,README.md,2025-12-24,365,
oral_biomechanical_engineering,guidelines/Guidelines.md,2025-12-24,2555,
oral_biomechanical_engineering,index.html,2025-12-24,38,
oral_biomechanical_engineering,v1/dental-biomechanics-phd-v3.html,2025-12-24,2540,
oral_biomechanical_engineering,v1/dental-extraction-advanced-v2.html,2025-12-24,1871,
oral_biomechanical_engineering,v1/dental-extraction-assist.html,2025-12-24,5635,
oral_biomechanical_engineering,v1/index.html,2025-12-24,5635,oral_biomechanical_engineering/v1/dental-extraction-assist.html
oral_biomechanical_engineering,v1/indexv1.html,2025-12-24,1871,oral_biomechanical_engineering/v1/dental-extraction-advanced-v2.html
us_debt_analysis_site,index.html,2025-12-24,947,
us_debt_analysis_site,phase0/index.html,2025-12-24,1658,
us_debt_analysis_site,phase1/index.html,2025-12-24,2385,
us_debt_analysis_site,phase2/index.html,2025-12-24,3604,
us_debt_analysis_site,phase3/index.html,2025-12-24,2709,
us_debt_analysis_site,phase4/index.html,2025-12-24,2453,
us_debt_analysis_site,phase5/index.html,2025-12-24,2615,
us_debt_analysis_site,phase6/index.html,2025-12-24,2311,
us_debt_analysis_site,phase7/index.html,2025-12-24,2851,
us_debt_analysis_site,phase8/index.html,2025-12-24,2985,
steward_stack,index.html,2025-12-24,8109,
mnemonic_screencaster,v1/index.html,2025-12-24,2309,
rentier_counter_claims,index.html,2025-12-24,5491,
timebraid_tales,index.html,2025-12-25,2391,
thinktank_sovereignty_toolkit,index.txt,2025-12-26,89661,
texas_systems_resilience_framework,index.html,2025-12-26,32213,
peace_empowerment,index.html,2025-12-26,10229,
znpp_transparency_hazard_assessment,index.html,2025-12-26,9021,
global_vulnerability_atlas_december_26_2025,index.html,2025-12-26,2598,
foster-navi_scorecard,index.html,2025-12-26,2118,
navi_personal_note_001,index.html,2025-12-27,1950,
arabic_youth_solutions,index.html,2025-12-27,7411,
arabic_youth_solutions,v1/index.html,2025-12-27,6248,
arabic_youth_solutions,v2/index.html,2025-12-27,3684,
la_flood_resilience,altitudinal-analysis.html,2025-12-27,2798,
la_flood_resilience,anti_inversion.html,2025-12-27,3060,
la_flood_resilience,community-guides.html,2025-12-27,3633,
la_flood_resilience,debris-flow-mitigation.html,2025-12-27,2832,
la_flood_resilience,index.html,2025-12-27,8812,
la_flood_resilience,quick-fixes.html,2025-12-27,7974,
la_flood_resilience,shadow-cascades.html,2025-12-27,5663,
la_flood_resilience,v1/index.html,2025-12-27,8015,
la_flood_resilience,zero_harm_note.html,2025-12-27,2913,
fosterxtesla,index.html,2025-12-27,1991,
foster_arc_rpg,v1/index.html,2025-12-27,2700,
foster_arc_rpg,v1/interactive_mythic_dashboard.html,2025-12-27,3184,
foster_arc_rpg,v1/mythic_dashboard.html,2025-12-27,3379,
urban_planting_wizardry,index.html,2025-12-27,1697,
planetary_phenomena,strategic_map/index.html,2025-12-27,2461,
veterinarian_protips,index.html,2025-12-27,1146,
vehicle_maintenance_protips,index.html,2025-12-27,2389,
newcomer_biosphere_initiative,index.html,2025-12-27,1922,
conception_purity_mission,README.md,2025-12-28,19951,
conception_purity_mission,diet/README.md,2025-12-28,23443,
conception_purity_mission,diet/index.html,2025-12-28,6866,
conception_purity_mission,espanol/index.html,2025-12-28,11419,
conception_purity_mission,index.html,2025-12-28,9757,
conception_purity_mission,v1/index.html,2025-12-28,3786,
conception_purity_mission,v2/index.html,2025-12-28,12054,
future_proof_conception,index.html,2025-12-28,9757,conception_purity_mission/index.html
phillipines_waste_impact,dir_structure.txt,2025-12-28,3930,
phillipines_waste_impact,index.html,2025-12-28,3423,
phillipines_waste_impact,src/frontend/gis.html,2025-12-28,457,
human_heat_stress_guide,index.html,2025-12-28,48417,
peace_vector_lab,index.html,2025-12-28,13166,
peace_vector_lab,v1/index.html,2025-12-28,4831,
benevolent_singularity,index.html,2025-12-31,11591,
inequality,climate_change/index.html,2025-12-31,40054,
inequality,conflict_migration/index.html,2025-12-31,43452,
inequality,ecological_collapse/index.html,2025-12-31,37603,
inequality,environmental_impact/index.html,2025-12-31,77623,
inequality,financial_systems_collapse/index.html,2025-12-31,50184,
inequality,intergenerational_inequality/index.html,2025-12-31,37794,
inequality,political_capture/index.html,2025-12-31,47521,
inequality,resource_scarcity/index.html,2025-12-31,65729,
inequality,social_cohesion/index.html,2025-12-31,39316,
inequality,wealth_distribution/index.html,2025-12-31,46274,
iran_uprising_solutions,en/index.html,2025-12-31,70592,
iran_uprising_solutions,index.html,2025-12-31,34666,
nuclear,consequences/attributions_licences/index.html,2025-12-31,26428,
nuclear,consequences/cascade_impact_analysis/index.html,2025-12-31,49101,
nuclear,consequences/constellation_state_simulator/index.html,2025-12-31,28491,
nuclear,consequences/diplomacy_urgency_window/index.html,2025-12-31,20792,
nuclear,consequences/diplomacy_urgency_window/v1/index.html,2025-12-31,4357,
nuclear,consequences/diplomacy_urgency_window/v2/index.html,2025-12-31,29770,
nuclear,consequences/dominance_loop_psychology/index.html,2025-12-31,46207,
nuclear,consequences/economic_counter_pressure/index.html,2025-12-31,32636,
nuclear,consequences/ecosystem_and_climate_impact/index.html,2025-12-31,28738,
nuclear,consequences/global_supply_chain_collapse/index.html,2025-12-31,38840,
nuclear,consequences/index.html,2025-12-31,1882,
nuclear,consequences/offline_state_manager/index.html,2025-12-31,25075,
nuclear,consequences/peace_incentive_matrix/index.html,2025-12-31,36836,
nuclear,consequences/public_accountability_pressure/index.html,2025-12-31,27667,
nuclear,consequences/simulator/index.html,2025-12-31,41153,
soviet_peace_by_voice,v1/index.html,2026-01-02,8939,
soviet_peace_by_voice,v2/index.html,2026-01-02,22135,
usa_biospheric_cascade,index.html,2026-01-04,22259,
usa_biospheric_cascade,v1/index.html,2026-01-04,22568,
us_exit_strats,index.html,2026-01-25,13766,
montreal_archetype_matching,index.html,2026-01-25,3900,
our_debt_deep_dive,regen/index.html,2026-01-25,20660,
our_debt_deep_dive,regen/v1/index.html,2026-01-25,1586,
our_debt_deep_dive,sitrep/index.html,2026-01-25,32775,
our_debt_deep_dive,sitrep/v1/index.html,2026-01-25,2873,
our_debt_deep_dive,solutions/index.html,2026-01-25,36978,
our_debt_deep_dive,solutions/v1/index.html,2026-01-25,1261,
next_gen_prep,v1/index.html,2026-01-25,8733,
state_based_independence,index.html,2026-01-26,40654,
state_based_independence,v1/index.html,2026-01-26,13331,
americas_bully_pattern,cases/index.html,2026-01-26,1345,
americas_bully_pattern,index.html,2026-01-26,12841,
americas_bully_pattern,modules/index.html,2026-01-26,25324,
americas_bully_pattern,resources/index.html,2026-01-26,23596,
americas_bully_pattern,v1/index.html,2026-01-26,6617,
americas_bully_pattern,visual/index.html,2026-01-26,6511,
mitigating_american_malice,atlas/v1/index.html,2026-01-27,4520,
mitigating_american_malice,checklist/v1/index.html,2026-01-27,40090,
mitigating_american_malice,environmental/v1/index.html,2026-01-27,2090,
mitigating_american_malice,financial/v1/index.html,2026-01-27,4364,
mitigating_american_malice,hub/index.html,2026-01-27,40090,mitigating_american_malice/checklist/v1/index.html
mitigating_american_malice,index.html,2026-01-27,4061,
mitigating_american_malice,legal/v1/index.html,2026-01-27,3781,
mitigating_american_malice,refusal/v1/index.html,2026-01-27,0,funding-influx-pipeline/docs/New Text Document.txt
mitigating_american_malice,rewiring/v1/index.html,2026-01-27,2252,
mitigating_american_malice,sovereignty/v1/index.html,2026-01-27,5838,
mitigating_american_malice,v1/index.html,2026-01-27,4190,
mitigating_american_malice,withdraw/v1/index.html,2026-01-27,4933,
democratic_cascades,README.md,2026-01-27,26073,
democratic_cascades,index.html,2026-01-27,7974,
biospheric_civic_empowerment_platform,BUILD_STATUS.md,2026-01-27,5031,
biospheric_civic_empowerment_platform,GENERATOR.md,2026-01-27,3984,
biospheric_civic_empowerment_platform,IMPLEMENTATION_GUIDE.md,2026-01-27,14172,
biospheric_civic_empowerment_platform,README.md,2026-01-27,11756,
biospheric_civic_empowerment_platform,core/biosphere-dashboard.html,2026-01-27,6192,
biospheric_civic_empowerment_platform,core/civic-empowerment.html,2026-01-27,8812,
biospheric_civic_empowerment_platform,core/energy-commons.html,2026-01-27,7814,
biospheric_civic_empowerment_platform,core/food-systems.html,2026-01-27,7515,
biospheric_civic_empowerment_platform,core/peace-coordination.html,2026-01-27,10438,
biospheric_civic_empowerment_platform,core/water-stewardship.html,2026-01-27,8719,
biospheric_civic_empowerment_platform,index.html,2026-01-27,5204,
biospheric_civic_empowerment_platform,v1/index.html,2026-01-27,5204,biospheric_civic_empowerment_platform/index.html
carney_2026,index.html,2026-01-28,7145,
restoration_visas,directory_structure.txt,2026-01-28,1169,
restoration_visas,v1/alignment/index.html,2026-01-28,3954,
restoration_visas,v1/architecture/index.html,2026-01-28,4545,
restoration_visas,v1/deployment_blueprint/index.html,2026-01-28,3594,
restoration_visas,v1/hooks/index.html,2026-01-28,9367,
restoration_visas,v1/index.html,2026-01-28,10384,
restoration_visas,v1/pathways/index.html,2026-01-28,3709,
restoration_visas,v1/policy_rationale/index.html,2026-01-28,4343,
restoration_visas,v1/scenario-acceleration-stress-test/index.html,2026-01-28,200,
restoration_visas,v1/scenario-baseline-stabilization/index.html,2026-01-28,258,
restoration_visas,v1/scenario-hostile-environment/index.html,2026-01-28,198,
restoration_visas,v1/strategy/index.html,2026-01-28,3062,
restoration_visas,v1/trust/index.html,2026-01-28,5007,
restoration_visas,v1/zh/alignment/index.html,2026-01-28,1055,
restoration_visas,v1/zh/architecture/index.html,2026-01-28,1152,
restoration_visas,v1/zh/deployment_blueprint/index.html,2026-01-28,884,
restoration_visas,v1/zh/hooks/index.html,2026-01-28,1098,
restoration_visas,v1/zh/index.html,2026-01-28,2148,
restoration_visas,v1/zh/pathways/index.html,2026-01-28,975,
restoration_visas,v1/zh/policy_rationale/index.html,2026-01-28,1393,
restoration_visas,v1/zh/strategy/index.html,2026-01-28,1070,
restoration_visas,v1/zh/trust/index.html,2026-01-28,1003,
lego_war_on_narratives,index.html,2026-01-28,9671,
lego_war_on_narratives,v1/index.html,2026-01-28,5531,
build_resilience_move_north,v1/index.html,2026-01-29,14157,
regeneration_visas,calculator/index.html,2026-01-29,5747,
regeneration_visas,dashboard/index.html,2026-01-29,12294,
regeneration_visas,immigration_designer/index.html,2026-01-29,6565,
regeneration_visas,index.html,2026-01-29,12576,
regeneration_visas,indigenous_framework/index.html,2026-01-29,10236,
regeneration_visas,monitoring/index.html,2026-01-29,6309,
regeneration_visas,precedents/index.html,2026-01-29,12395,
regeneration_visas,provincial_assessment/index.html,2026-01-29,1630,
regeneration_visas,risk_assessment/index.html,2026-01-29,10719,
regeneration_visas,roadmap/index.html,2026-01-29,6635,
regeneration_visas,skills/index.html,2026-01-29,5855,
institutional_integrity_acceleration,observatory/index.html,2026-02-02,7000,
institutional_integrity_acceleration,policy/index.html,2026-02-02,6314,
institutional_integrity_acceleration,trust/index.html,2026-02-02,6642,
institutional_integrity_acceleration,v1/index.html,2026-02-02,3684,
institutional_integrity_acceleration,v2/index.html,2026-02-02,2989,
polycrisis,climate_security_toolkit/index.html,2026-02-03,7138,
polycrisis,financial_stability_coordination_platform/index.html,2026-02-03,6915,
polycrisis,index.html,2026-02-03,5031,
canadian_civil_oversight,index.html,2026-02-04,3268,
transparency_decentralization_guide,index.html,2026-02-04,13135,
american_civil_oversight,index.html,2026-02-04,2307,
american_civil_oversight,v1/action-center/index.html,2026-02-04,8596,
american_civil_oversight,v1/index.html,2026-02-04,1935,
controlled_symbiotic_domestication,index.html,2026-02-05,25692,
crossborder_trust_building_platform,index.html,2026-02-05,28896,
minneapolis_civil_repair_project,directory_structure.txt,2026-02-05,4703,
operation_vestige_of_prerogative_authority,v1/index.html,2026-02-05,3122,
urban_dispersion_edible_reforestation,v1/index.html,2026-02-05,2939,
life_first_judgment_in_critical_protocols,v1/index.html,2026-02-05,2426,
